id,description,dataset,category,subcategory,region,delay,universe,type,coverage,userCount,alphaCount,pyramidMultiplier,themes,final_category,_detected_dataset,_detected_type
cash,Cash,"{'id': 'fundamental6', 'name': 'Company Fundamental Data for Equity'}","{'id': 'fundamental', 'name': 'Fundamental'}","{'id': 'fundamental-fundamental-data', 'name': 'Fundamental Data'}",USA,1,TOP3000,MATRIX,0.7529,1956,10604,1.1,[],Fundamental_Other,"{'id': 'fundamental6', 'name': 'Company Fundamental Data for Equity'}",MATRIX
cash_st,Cash and Short-Term Investments,"{'id': 'fundamental6', 'name': 'Company Fundamental Data for Equity'}","{'id': 'fundamental', 'name': 'Fundamental'}","{'id': 'fundamental-fundamental-data', 'name': 'Fundamental Data'}",USA,1,TOP3000,MATRIX,0.9463,1219,7661,1.1,[],Fundamental_Other,"{'id': 'fundamental6', 'name': 'Company Fundamental Data for Equity'}",MATRIX
cogs,Cost of Goods Sold,"{'id': 'fundamental6', 'name': 'Company Fundamental Data for Equity'}","{'id': 'fundamental', 'name': 'Fundamental'}","{'id': 'fundamental-fundamental-data', 'name': 'Fundamental Data'}",USA,1,TOP3000,MATRIX,0.9557,1459,9149,1.1,[],Fundamental_Other,"{'id': 'fundamental6', 'name': 'Company Fundamental Data for Equity'}",MATRIX
debt,Debt,"{'id': 'fundamental6', 'name': 'Company Fundamental Data for Equity'}","{'id': 'fundamental', 'name': 'Fundamental'}","{'id': 'fundamental-fundamental-data', 'name': 'Fundamental Data'}",USA,1,TOP3000,MATRIX,0.7904,7120,21984,1.1,[],Fundamental_Other,"{'id': 'fundamental6', 'name': 'Company Fundamental Data for Equity'}",MATRIX
debt_lt,Long-Term Debt - Total,"{'id': 'fundamental6', 'name': 'Company Fundamental Data for Equity'}","{'id': 'fundamental', 'name': 'Fundamental'}","{'id': 'fundamental-fundamental-data', 'name': 'Fundamental Data'}",USA,1,TOP3000,MATRIX,0.9433,7007,13455,1.1,[],Fundamental_Other,"{'id': 'fundamental6', 'name': 'Company Fundamental Data for Equity'}",MATRIX
depre_amort,Depreciation and Amortization - Total,"{'id': 'fundamental6', 'name': 'Company Fundamental Data for Equity'}","{'id': 'fundamental', 'name': 'Fundamental'}","{'id': 'fundamental-fundamental-data', 'name': 'Fundamental Data'}",USA,1,TOP3000,MATRIX,0.8577,855,4007,1.1,[],Fundamental_Other,"{'id': 'fundamental6', 'name': 'Company Fundamental Data for Equity'}",MATRIX
employee,Employees,"{'id': 'fundamental6', 'name': 'Company Fundamental Data for Equity'}","{'id': 'fundamental', 'name': 'Fundamental'}","{'id': 'fundamental-fundamental-data', 'name': 'Fundamental Data'}",USA,1,TOP3000,MATRIX,0.9588,1037,4741,1.1,[],Fundamental_Other,"{'id': 'fundamental6', 'name': 'Company Fundamental Data for Equity'}",MATRIX
enterprise_value,Enterprise Value,"{'id': 'fundamental6', 'name': 'Company Fundamental Data for Equity'}","{'id': 'fundamental', 'name': 'Fundamental'}","{'id': 'fundamental-fundamental-data', 'name': 'Fundamental Data'}",USA,1,TOP3000,MATRIX,0.7359,7083,31099,1.1,[],Fundamental_Other,"{'id': 'fundamental6', 'name': 'Company Fundamental Data for Equity'}",MATRIX
fnd6_beta,beta,"{'id': 'fundamental6', 'name': 'Company Fundamental Data for Equity'}","{'id': 'fundamental', 'name': 'Fundamental'}","{'id': 'fundamental-fundamental-data', 'name': 'Fundamental Data'}",USA,1,TOP3000,MATRIX,0.7123,235,595,1.1,[],Fundamental_Other,"{'id': 'fundamental6', 'name': 'Company Fundamental Data for Equity'}",MATRIX
fnd6_ch,Cash,"{'id': 'fundamental6', 'name': 'Company Fundamental Data for Equity'}","{'id': 'fundamental', 'name': 'Fundamental'}","{'id': 'fundamental-fundamental-data', 'name': 'Fundamental Data'}",USA,1,TOP3000,MATRIX,0.8887,375,1547,1.1,[],Fundamental_Other,"{'id': 'fundamental6', 'name': 'Company Fundamental Data for Equity'}",MATRIX
fnd6_ci,Comprehensive Income - Total,"{'id': 'fundamental6', 'name': 'Company Fundamental Data for Equity'}","{'id': 'fundamental', 'name': 'Fundamental'}","{'id': 'fundamental-fundamental-data', 'name': 'Fundamental Data'}",USA,1,TOP3000,MATRIX,0.966,392,1898,1.1,[],Fundamental_Other,"{'id': 'fundamental6', 'name': 'Company Fundamental Data for Equity'}",MATRIX
fnd6_cibegni,Comp Inc - Beginning Net Income,"{'id': 'fundamental6', 'name': 'Company Fundamental Data for Equity'}","{'id': 'fundamental', 'name': 'Fundamental'}","{'id': 'fundamental-fundamental-data', 'name': 'Fundamental Data'}",USA,1,TOP3000,MATRIX,0.8604,227,745,1.1,[],Fundamental_Other,"{'id': 'fundamental6', 'name': 'Company Fundamental Data for Equity'}",MATRIX
fnd6_cidergl,Comp Inc - Derivative Gains/Losses,"{'id': 'fundamental6', 'name': 'Company Fundamental Data for Equity'}","{'id': 'fundamental', 'name': 'Fundamental'}","{'id': 'fundamental-fundamental-data', 'name': 'Fundamental Data'}",USA,1,TOP3000,MATRIX,0.8502,234,463,1.1,[],Fundamental_Other,"{'id': 'fundamental6', 'name': 'Company Fundamental Data for Equity'}",MATRIX
fnd6_cik,nonimportant technical code,"{'id': 'fundamental6', 'name': 'Company Fundamental Data for Equity'}","{'id': 'fundamental', 'name': 'Fundamental'}","{'id': 'fundamental-fundamental-data', 'name': 'Fundamental Data'}",USA,1,TOP3000,MATRIX,1.0,372,1465,1.1,[],Fundamental_Other,"{'id': 'fundamental6', 'name': 'Company Fundamental Data for Equity'}",MATRIX
fnd6_ciother,Comp. Inc. - Other Adj.,"{'id': 'fundamental6', 'name': 'Company Fundamental Data for Equity'}","{'id': 'fundamental', 'name': 'Fundamental'}","{'id': 'fundamental-fundamental-data', 'name': 'Fundamental Data'}",USA,1,TOP3000,MATRIX,0.8601,3120,4044,1.1,[],Fundamental_Other,"{'id': 'fundamental6', 'name': 'Company Fundamental Data for Equity'}",MATRIX
fnd6_cisecgl,Comp Inc - Securities Gains/Losses,"{'id': 'fundamental6', 'name': 'Company Fundamental Data for Equity'}","{'id': 'fundamental', 'name': 'Fundamental'}","{'id': 'fundamental-fundamental-data', 'name': 'Fundamental Data'}",USA,1,TOP3000,MATRIX,0.8509,183,524,1.1,[],Fundamental_Other,"{'id': 'fundamental6', 'name': 'Company Fundamental Data for Equity'}",MATRIX
fnd6_citotal,Comprehensive Income - Parent,"{'id': 'fundamental6', 'name': 'Company Fundamental Data for Equity'}","{'id': 'fundamental', 'name': 'Fundamental'}","{'id': 'fundamental-fundamental-data', 'name': 'Fundamental Data'}",USA,1,TOP3000,MATRIX,0.8605,183,601,1.1,[],Fundamental_Other,"{'id': 'fundamental6', 'name': 'Company Fundamental Data for Equity'}",MATRIX
fnd6_city,the city where a company's corporate headquarters or home office is located,"{'id': 'fundamental6', 'name': 'Company Fundamental Data for Equity'}","{'id': 'fundamental', 'name': 'Fundamental'}","{'id': 'fundamental-fundamental-data', 'name': 'Fundamental Data'}",USA,1,TOP3000,MATRIX,1.0,444,1375,1.1,[],Fundamental_Other,"{'id': 'fundamental6', 'name': 'Company Fundamental Data for Equity'}",MATRIX
fnd6_cogss,Cost of Goods Sold,"{'id': 'fundamental6', 'name': 'Company Fundamental Data for Equity'}","{'id': 'fundamental', 'name': 'Fundamental'}","{'id': 'fundamental-fundamental-data', 'name': 'Fundamental Data'}",USA,1,TOP3000,VECTOR,0.7234,27,34,1.1,[],Fundamental_Other,"{'id': 'fundamental6', 'name': 'Company Fundamental Data for Equity'}",VECTOR
fnd6_cptmfmq_dlttq,Long-Term Debt - Total,"{'id': 'fundamental6', 'name': 'Company Fundamental Data for Equity'}","{'id': 'fundamental', 'name': 'Fundamental'}","{'id': 'fundamental-fundamental-data', 'name': 'Fundamental Data'}",USA,1,TOP3000,MATRIX,0.8172,450,841,1.1,[],Fundamental_Other,"{'id': 'fundamental6', 'name': 'Company Fundamental Data for Equity'}",MATRIX
fnd6_cptmfmq_dpq,Depreciation and Amortization - Total,"{'id': 'fundamental6', 'name': 'Company Fundamental Data for Equity'}","{'id': 'fundamental', 'name': 'Fundamental'}","{'id': 'fundamental-fundamental-data', 'name': 'Fundamental Data'}",USA,1,TOP3000,MATRIX,0.8775,172,339,1.1,[],Fundamental_Other,"{'id': 'fundamental6', 'name': 'Company Fundamental Data for Equity'}",MATRIX
fnd6_cptnewqv1300_apq,Accounts Payable/Creditors - Trade,"{'id': 'fundamental6', 'name': 'Company Fundamental Data for Equity'}","{'id': 'fundamental', 'name': 'Fundamental'}","{'id': 'fundamental-fundamental-data', 'name': 'Fundamental Data'}",USA,1,TOP3000,MATRIX,0.922,190,868,1.1,[],Fundamental_Other,"{'id': 'fundamental6', 'name': 'Company Fundamental Data for Equity'}",MATRIX
fnd6_cptnewqv1300_dlttq,Long-Term Debt - Total,"{'id': 'fundamental6', 'name': 'Company Fundamental Data for Equity'}","{'id': 'fundamental', 'name': 'Fundamental'}","{'id': 'fundamental-fundamental-data', 'name': 'Fundamental Data'}",USA,1,TOP3000,MATRIX,0.7998,433,949,1.1,[],Fundamental_Other,"{'id': 'fundamental6', 'name': 'Company Fundamental Data for Equity'}",MATRIX
fnd6_cptnewqv1300_dpq,Depreciation and Amortization - Total,"{'id': 'fundamental6', 'name': 'Company Fundamental Data for Equity'}","{'id': 'fundamental', 'name': 'Fundamental'}","{'id': 'fundamental-fundamental-data', 'name': 'Fundamental Data'}",USA,1,TOP3000,MATRIX,0.8577,109,322,1.1,[],Fundamental_Other,"{'id': 'fundamental6', 'name': 'Company Fundamental Data for Equity'}",MATRIX
fnd6_cptnewqv1300_rectq,Receivables - Total,"{'id': 'fundamental6', 'name': 'Company Fundamental Data for Equity'}","{'id': 'fundamental', 'name': 'Fundamental'}","{'id': 'fundamental-fundamental-data', 'name': 'Fundamental Data'}",USA,1,TOP3000,MATRIX,0.9106,429,826,1.1,[],Fundamental_Other,"{'id': 'fundamental6', 'name': 'Company Fundamental Data for Equity'}",MATRIX
fnd6_cptrank_gvkeymap,"technical code for a company, no need to use it for research","{'id': 'fundamental6', 'name': 'Company Fundamental Data for Equity'}","{'id': 'fundamental', 'name': 'Fundamental'}","{'id': 'fundamental-fundamental-data', 'name': 'Fundamental Data'}",USA,1,TOP3000,MATRIX,0.5196,53,103,1.1,[],Fundamental_Other,"{'id': 'fundamental6', 'name': 'Company Fundamental Data for Equity'}",MATRIX
fnd6_cshr,Common/Ordinary Shareholders,"{'id': 'fundamental6', 'name': 'Company Fundamental Data for Equity'}","{'id': 'fundamental', 'name': 'Fundamental'}","{'id': 'fundamental-fundamental-data', 'name': 'Fundamental Data'}",USA,1,TOP3000,MATRIX,0.7504,182,478,1.1,[],Fundamental_Other,"{'id': 'fundamental6', 'name': 'Company Fundamental Data for Equity'}",MATRIX
fnd6_cstkcv,Common Stock-Carrying Value,"{'id': 'fundamental6', 'name': 'Company Fundamental Data for Equity'}","{'id': 'fundamental', 'name': 'Fundamental'}","{'id': 'fundamental-fundamental-data', 'name': 'Fundamental Data'}",USA,1,TOP3000,MATRIX,0.876,136,564,1.1,[],Fundamental_Other,"{'id': 'fundamental6', 'name': 'Company Fundamental Data for Equity'}",MATRIX
fnd6_cstkcvq,Common Stock-Carrying Value,"{'id': 'fundamental6', 'name': 'Company Fundamental Data for Equity'}","{'id': 'fundamental', 'name': 'Fundamental'}","{'id': 'fundamental-fundamental-data', 'name': 'Fundamental Data'}",USA,1,TOP3000,MATRIX,0.8815,220,769,1.1,[],Fundamental_Other,"{'id': 'fundamental6', 'name': 'Company Fundamental Data for Equity'}",MATRIX
fnd6_dc,Deferred Charges,"{'id': 'fundamental6', 'name': 'Company Fundamental Data for Equity'}","{'id': 'fundamental', 'name': 'Fundamental'}","{'id': 'fundamental-fundamental-data', 'name': 'Fundamental Data'}",USA,1,TOP3000,MATRIX,0.7032,206,959,1.1,[],Fundamental_Other,"{'id': 'fundamental6', 'name': 'Company Fundamental Data for Equity'}",MATRIX
fnd6_dcpstk,Convertible Debt and Preferred Stock,"{'id': 'fundamental6', 'name': 'Company Fundamental Data for Equity'}","{'id': 'fundamental', 'name': 'Fundamental'}","{'id': 'fundamental-fundamental-data', 'name': 'Fundamental Data'}",USA,1,TOP3000,MATRIX,0.8285,127,405,1.1,[],Fundamental_Other,"{'id': 'fundamental6', 'name': 'Company Fundamental Data for Equity'}",MATRIX
fnd6_dcvsr,Debt - Senior Convertible,"{'id': 'fundamental6', 'name': 'Company Fundamental Data for Equity'}","{'id': 'fundamental', 'name': 'Fundamental'}","{'id': 'fundamental-fundamental-data', 'name': 'Fundamental Data'}",USA,1,TOP3000,MATRIX,0.8027,205,702,1.1,[],Fundamental_Other,"{'id': 'fundamental6', 'name': 'Company Fundamental Data for Equity'}",MATRIX
fnd6_dcvsub,Debt - Subordinated Convertible,"{'id': 'fundamental6', 'name': 'Company Fundamental Data for Equity'}","{'id': 'fundamental', 'name': 'Fundamental'}","{'id': 'fundamental-fundamental-data', 'name': 'Fundamental Data'}",USA,1,TOP3000,MATRIX,0.8029,158,309,1.1,[],Fundamental_Other,"{'id': 'fundamental6', 'name': 'Company Fundamental Data for Equity'}",MATRIX
fnd6_dcvt,Debt - Convertible,"{'id': 'fundamental6', 'name': 'Company Fundamental Data for Equity'}","{'id': 'fundamental', 'name': 'Fundamental'}","{'id': 'fundamental-fundamental-data', 'name': 'Fundamental Data'}",USA,1,TOP3000,MATRIX,0.8292,494,807,1.1,[],Fundamental_Other,"{'id': 'fundamental6', 'name': 'Company Fundamental Data for Equity'}",MATRIX
fnd6_dd,Debt - Debentures,"{'id': 'fundamental6', 'name': 'Company Fundamental Data for Equity'}","{'id': 'fundamental', 'name': 'Fundamental'}","{'id': 'fundamental-fundamental-data', 'name': 'Fundamental Data'}",USA,1,TOP3000,MATRIX,0.7904,188,616,1.1,[],Fundamental_Other,"{'id': 'fundamental6', 'name': 'Company Fundamental Data for Equity'}",MATRIX
fnd6_dd1,Long-Term Debt Due in 1 Year,"{'id': 'fundamental6', 'name': 'Company Fundamental Data for Equity'}","{'id': 'fundamental', 'name': 'Fundamental'}","{'id': 'fundamental-fundamental-data', 'name': 'Fundamental Data'}",USA,1,TOP3000,MATRIX,0.8606,620,1341,1.1,[],Fundamental_Other,"{'id': 'fundamental6', 'name': 'Company Fundamental Data for Equity'}",MATRIX
fnd6_dd1q,Long-Term Debt Due in 1 Year,"{'id': 'fundamental6', 'name': 'Company Fundamental Data for Equity'}","{'id': 'fundamental', 'name': 'Fundamental'}","{'id': 'fundamental-fundamental-data', 'name': 'Fundamental Data'}",USA,1,TOP3000,MATRIX,0.7897,364,634,1.1,[],Fundamental_Other,"{'id': 'fundamental6', 'name': 'Company Fundamental Data for Equity'}",MATRIX
fnd6_dd2,Debt Due in 2nd Year,"{'id': 'fundamental6', 'name': 'Company Fundamental Data for Equity'}","{'id': 'fundamental', 'name': 'Fundamental'}","{'id': 'fundamental-fundamental-data', 'name': 'Fundamental Data'}",USA,1,TOP3000,MATRIX,0.7169,411,558,1.1,[],Fundamental_Other,"{'id': 'fundamental6', 'name': 'Company Fundamental Data for Equity'}",MATRIX
fnd6_dd3,Debt Due in 3rd Year,"{'id': 'fundamental6', 'name': 'Company Fundamental Data for Equity'}","{'id': 'fundamental', 'name': 'Fundamental'}","{'id': 'fundamental-fundamental-data', 'name': 'Fundamental Data'}",USA,1,TOP3000,MATRIX,0.7138,771,1175,1.1,[],Fundamental_Other,"{'id': 'fundamental6', 'name': 'Company Fundamental Data for Equity'}",MATRIX
fnd6_dd4,Debt Due in 4th Year,"{'id': 'fundamental6', 'name': 'Company Fundamental Data for Equity'}","{'id': 'fundamental', 'name': 'Fundamental'}","{'id': 'fundamental-fundamental-data', 'name': 'Fundamental Data'}",USA,1,TOP3000,MATRIX,0.7156,97,341,1.1,[],Fundamental_Other,"{'id': 'fundamental6', 'name': 'Company Fundamental Data for Equity'}",MATRIX
fnd6_dd5,Debt Due in 5th Year,"{'id': 'fundamental6', 'name': 'Company Fundamental Data for Equity'}","{'id': 'fundamental', 'name': 'Fundamental'}","{'id': 'fundamental-fundamental-data', 'name': 'Fundamental Data'}",USA,1,TOP3000,MATRIX,0.7053,124,272,1.1,[],Fundamental_Other,"{'id': 'fundamental6', 'name': 'Company Fundamental Data for Equity'}",MATRIX
fnd6_dilavx,Dilution Available - Excluding Extraordinary Items,"{'id': 'fundamental6', 'name': 'Company Fundamental Data for Equity'}","{'id': 'fundamental', 'name': 'Fundamental'}","{'id': 'fundamental-fundamental-data', 'name': 'Fundamental Data'}",USA,1,TOP3000,MATRIX,0.9283,118,357,1.1,[],Fundamental_Other,"{'id': 'fundamental6', 'name': 'Company Fundamental Data for Equity'}",MATRIX
fnd6_dlcch,Current Debt - Changes,"{'id': 'fundamental6', 'name': 'Company Fundamental Data for Equity'}","{'id': 'fundamental', 'name': 'Fundamental'}","{'id': 'fundamental-fundamental-data', 'name': 'Fundamental Data'}",USA,1,TOP3000,MATRIX,0.4512,98,218,1.1,[],Fundamental_Other,"{'id': 'fundamental6', 'name': 'Company Fundamental Data for Equity'}",MATRIX
fnd6_dltis,Long-Term Debt - Issuance,"{'id': 'fundamental6', 'name': 'Company Fundamental Data for Equity'}","{'id': 'fundamental', 'name': 'Fundamental'}","{'id': 'fundamental-fundamental-data', 'name': 'Fundamental Data'}",USA,1,TOP3000,MATRIX,0.8586,173,463,1.1,[],Fundamental_Other,"{'id': 'fundamental6', 'name': 'Company Fundamental Data for Equity'}",MATRIX
fnd6_dlto,Debt - Long-Term - Other,"{'id': 'fundamental6', 'name': 'Company Fundamental Data for Equity'}","{'id': 'fundamental', 'name': 'Fundamental'}","{'id': 'fundamental-fundamental-data', 'name': 'Fundamental Data'}",USA,1,TOP3000,MATRIX,0.8024,1482,1723,1.1,[],Fundamental_Other,"{'id': 'fundamental6', 'name': 'Company Fundamental Data for Equity'}",MATRIX
fnd6_dltp,Long-Term Debt - Tied to Prime,"{'id': 'fundamental6', 'name': 'Company Fundamental Data for Equity'}","{'id': 'fundamental', 'name': 'Fundamental'}","{'id': 'fundamental-fundamental-data', 'name': 'Fundamental Data'}",USA,1,TOP3000,MATRIX,0.6407,165,327,1.1,[],Fundamental_Other,"{'id': 'fundamental6', 'name': 'Company Fundamental Data for Equity'}",MATRIX
fnd6_dltr,Long-Term Debt - Reduction,"{'id': 'fundamental6', 'name': 'Company Fundamental Data for Equity'}","{'id': 'fundamental', 'name': 'Fundamental'}","{'id': 'fundamental-fundamental-data', 'name': 'Fundamental Data'}",USA,1,TOP3000,MATRIX,0.867,644,1299,1.1,[],Fundamental_Other,"{'id': 'fundamental6', 'name': 'Company Fundamental Data for Equity'}",MATRIX
fnd6_dm,Debt - Mortgages & Other Secured,"{'id': 'fundamental6', 'name': 'Company Fundamental Data for Equity'}","{'id': 'fundamental', 'name': 'Fundamental'}","{'id': 'fundamental-fundamental-data', 'name': 'Fundamental Data'}",USA,1,TOP3000,MATRIX,0.7523,197,422,1.1,[],Fundamental_Other,"{'id': 'fundamental6', 'name': 'Company Fundamental Data for Equity'}",MATRIX
fnd6_dn,Debt - Notes,"{'id': 'fundamental6', 'name': 'Company Fundamental Data for Equity'}","{'id': 'fundamental', 'name': 'Fundamental'}","{'id': 'fundamental-fundamental-data', 'name': 'Fundamental Data'}",USA,1,TOP3000,MATRIX,0.7958,154,347,1.1,[],Fundamental_Other,"{'id': 'fundamental6', 'name': 'Company Fundamental Data for Equity'}",MATRIX
fnd6_dps,Depreciation and Amortization,"{'id': 'fundamental6', 'name': 'Company Fundamental Data for Equity'}","{'id': 'fundamental', 'name': 'Fundamental'}","{'id': 'fundamental-fundamental-data', 'name': 'Fundamental Data'}",USA,1,TOP3000,VECTOR,0.92,26,31,1.1,[],Fundamental_Other,"{'id': 'fundamental6', 'name': 'Company Fundamental Data for Equity'}",VECTOR
fnd6_dpvieb,Depreciation (Accumulated) - Ending Balance (Schedule VI),"{'id': 'fundamental6', 'name': 'Company Fundamental Data for Equity'}","{'id': 'fundamental', 'name': 'Fundamental'}","{'id': 'fundamental-fundamental-data', 'name': 'Fundamental Data'}",USA,1,TOP3000,MATRIX,0.7584,147,409,1.1,[],Fundamental_Other,"{'id': 'fundamental6', 'name': 'Company Fundamental Data for Equity'}",MATRIX
fnd6_ds,Debt - Subordinated,"{'id': 'fundamental6', 'name': 'Company Fundamental Data for Equity'}","{'id': 'fundamental', 'name': 'Fundamental'}","{'id': 'fundamental-fundamental-data', 'name': 'Fundamental Data'}",USA,1,TOP3000,MATRIX,0.8021,933,1723,1.1,[],Fundamental_Other,"{'id': 'fundamental6', 'name': 'Company Fundamental Data for Equity'}",MATRIX
fnd6_dudd,Debt - Unamortized Debt Discount and Other,"{'id': 'fundamental6', 'name': 'Company Fundamental Data for Equity'}","{'id': 'fundamental', 'name': 'Fundamental'}","{'id': 'fundamental-fundamental-data', 'name': 'Fundamental Data'}",USA,1,TOP3000,MATRIX,0.8187,339,707,1.1,[],Fundamental_Other,"{'id': 'fundamental6', 'name': 'Company Fundamental Data for Equity'}",MATRIX
fnd6_ein,Employer Identification Number code for the company,"{'id': 'fundamental6', 'name': 'Company Fundamental Data for Equity'}","{'id': 'fundamental', 'name': 'Fundamental'}","{'id': 'fundamental-fundamental-data', 'name': 'Fundamental Data'}",USA,1,TOP3000,MATRIX,1.0,761,2091,1.1,[],Fundamental_Other,"{'id': 'fundamental6', 'name': 'Company Fundamental Data for Equity'}",MATRIX
fnd6_emps,Employees,"{'id': 'fundamental6', 'name': 'Company Fundamental Data for Equity'}","{'id': 'fundamental', 'name': 'Fundamental'}","{'id': 'fundamental-fundamental-data', 'name': 'Fundamental Data'}",USA,1,TOP3000,VECTOR,0.8543,280,461,1.1,[],Fundamental_Other,"{'id': 'fundamental6', 'name': 'Company Fundamental Data for Equity'}",VECTOR
fnd6_esopct,Common ESOP Obligation - Total,"{'id': 'fundamental6', 'name': 'Company Fundamental Data for Equity'}","{'id': 'fundamental', 'name': 'Fundamental'}","{'id': 'fundamental-fundamental-data', 'name': 'Fundamental Data'}",USA,1,TOP3000,MATRIX,0.8965,151,320,1.1,[],Fundamental_Other,"{'id': 'fundamental6', 'name': 'Company Fundamental Data for Equity'}",MATRIX
fnd6_fiao,Financing Activities - Other,"{'id': 'fundamental6', 'name': 'Company Fundamental Data for Equity'}","{'id': 'fundamental', 'name': 'Fundamental'}","{'id': 'fundamental-fundamental-data', 'name': 'Fundamental Data'}",USA,1,TOP3000,MATRIX,0.8836,137,427,1.1,[],Fundamental_Other,"{'id': 'fundamental6', 'name': 'Company Fundamental Data for Equity'}",MATRIX
fnd6_fyrc,"Unimportant technical code, please ignore for research purposes","{'id': 'fundamental6', 'name': 'Company Fundamental Data for Equity'}","{'id': 'fundamental', 'name': 'Fundamental'}","{'id': 'fundamental-fundamental-data', 'name': 'Fundamental Data'}",USA,1,TOP3000,MATRIX,1.0,258,1140,1.1,[],Fundamental_Other,"{'id': 'fundamental6', 'name': 'Company Fundamental Data for Equity'}",MATRIX
fnd6_gdwls,Goodwill,"{'id': 'fundamental6', 'name': 'Company Fundamental Data for Equity'}","{'id': 'fundamental', 'name': 'Fundamental'}","{'id': 'fundamental-fundamental-data', 'name': 'Fundamental Data'}",USA,1,TOP3000,VECTOR,0.8869,26,35,1.1,[],Fundamental_Other,"{'id': 'fundamental6', 'name': 'Company Fundamental Data for Equity'}",VECTOR
fnd6_ibs,Income before Extraordinary Items,"{'id': 'fundamental6', 'name': 'Company Fundamental Data for Equity'}","{'id': 'fundamental', 'name': 'Fundamental'}","{'id': 'fundamental-fundamental-data', 'name': 'Fundamental Data'}",USA,1,TOP3000,VECTOR,0.8346,16,22,1.1,[],Fundamental_Other,"{'id': 'fundamental6', 'name': 'Company Fundamental Data for Equity'}",VECTOR
fnd6_idit,Interest and Related Income - Total,"{'id': 'fundamental6', 'name': 'Company Fundamental Data for Equity'}","{'id': 'fundamental', 'name': 'Fundamental'}","{'id': 'fundamental-fundamental-data', 'name': 'Fundamental Data'}",USA,1,TOP3000,MATRIX,0.5501,116,372,1.1,[],Fundamental_Other,"{'id': 'fundamental6', 'name': 'Company Fundamental Data for Equity'}",MATRIX
fnd6_iints,Interest Income,"{'id': 'fundamental6', 'name': 'Company Fundamental Data for Equity'}","{'id': 'fundamental', 'name': 'Fundamental'}","{'id': 'fundamental-fundamental-data', 'name': 'Fundamental Data'}",USA,1,TOP3000,VECTOR,0.3619,19,21,1.1,[],Fundamental_Other,"{'id': 'fundamental6', 'name': 'Company Fundamental Data for Equity'}",VECTOR
fnd6_incorp,Incorporated,"{'id': 'fundamental6', 'name': 'Company Fundamental Data for Equity'}","{'id': 'fundamental', 'name': 'Fundamental'}","{'id': 'fundamental-fundamental-data', 'name': 'Fundamental Data'}",USA,1,TOP3000,MATRIX,1.0,549,1243,1.1,[],Fundamental_Other,"{'id': 'fundamental6', 'name': 'Company Fundamental Data for Equity'}",MATRIX
fnd6_intpn,Interest Paid - Net,"{'id': 'fundamental6', 'name': 'Company Fundamental Data for Equity'}","{'id': 'fundamental', 'name': 'Fundamental'}","{'id': 'fundamental-fundamental-data', 'name': 'Fundamental Data'}",USA,1,TOP3000,MATRIX,0.784,161,363,1.1,[],Fundamental_Other,"{'id': 'fundamental6', 'name': 'Company Fundamental Data for Equity'}",MATRIX
fnd6_intseg,Intersegment Eliminations,"{'id': 'fundamental6', 'name': 'Company Fundamental Data for Equity'}","{'id': 'fundamental', 'name': 'Fundamental'}","{'id': 'fundamental-fundamental-data', 'name': 'Fundamental Data'}",USA,1,TOP3000,VECTOR,0.953,33,72,1.1,[],Fundamental_Other,"{'id': 'fundamental6', 'name': 'Company Fundamental Data for Equity'}",VECTOR
fnd6_invfg,Inventories - Finished Goods,"{'id': 'fundamental6', 'name': 'Company Fundamental Data for Equity'}","{'id': 'fundamental', 'name': 'Fundamental'}","{'id': 'fundamental-fundamental-data', 'name': 'Fundamental Data'}",USA,1,TOP3000,MATRIX,0.5873,98,423,1.1,[],Fundamental_Other,"{'id': 'fundamental6', 'name': 'Company Fundamental Data for Equity'}",MATRIX
fnd6_invo,Inventories - Other,"{'id': 'fundamental6', 'name': 'Company Fundamental Data for Equity'}","{'id': 'fundamental', 'name': 'Fundamental'}","{'id': 'fundamental-fundamental-data', 'name': 'Fundamental Data'}",USA,1,TOP3000,MATRIX,0.5983,105,287,1.1,[],Fundamental_Other,"{'id': 'fundamental6', 'name': 'Company Fundamental Data for Equity'}",MATRIX
fnd6_invrm,Inventories - Raw Materials,"{'id': 'fundamental6', 'name': 'Company Fundamental Data for Equity'}","{'id': 'fundamental', 'name': 'Fundamental'}","{'id': 'fundamental-fundamental-data', 'name': 'Fundamental Data'}",USA,1,TOP3000,MATRIX,0.5822,135,461,1.1,[],Fundamental_Other,"{'id': 'fundamental6', 'name': 'Company Fundamental Data for Equity'}",MATRIX
fnd6_itcb,Investment Tax Credit (Balance Sheet),"{'id': 'fundamental6', 'name': 'Company Fundamental Data for Equity'}","{'id': 'fundamental', 'name': 'Fundamental'}","{'id': 'fundamental-fundamental-data', 'name': 'Fundamental Data'}",USA,1,TOP3000,MATRIX,0.8337,124,317,1.1,[],Fundamental_Other,"{'id': 'fundamental6', 'name': 'Company Fundamental Data for Equity'}",MATRIX
fnd6_itci,Investment Tax Credit (Income Account),"{'id': 'fundamental6', 'name': 'Company Fundamental Data for Equity'}","{'id': 'fundamental', 'name': 'Fundamental'}","{'id': 'fundamental-fundamental-data', 'name': 'Fundamental Data'}",USA,1,TOP3000,MATRIX,0.5774,707,1536,1.1,[],Fundamental_Other,"{'id': 'fundamental6', 'name': 'Company Fundamental Data for Equity'}",MATRIX
fnd6_ivaco,Investing Activities - Other,"{'id': 'fundamental6', 'name': 'Company Fundamental Data for Equity'}","{'id': 'fundamental', 'name': 'Fundamental'}","{'id': 'fundamental-fundamental-data', 'name': 'Fundamental Data'}",USA,1,TOP3000,MATRIX,0.8836,4259,5532,1.1,[],Fundamental_Other,"{'id': 'fundamental6', 'name': 'Company Fundamental Data for Equity'}",MATRIX
fnd6_ivch,Increase in Investments,"{'id': 'fundamental6', 'name': 'Company Fundamental Data for Equity'}","{'id': 'fundamental', 'name': 'Fundamental'}","{'id': 'fundamental-fundamental-data', 'name': 'Fundamental Data'}",USA,1,TOP3000,MATRIX,0.8366,132,232,1.1,[],Fundamental_Other,"{'id': 'fundamental6', 'name': 'Company Fundamental Data for Equity'}",MATRIX
fnd6_ivst,Short-Term Investments - Total,"{'id': 'fundamental6', 'name': 'Company Fundamental Data for Equity'}","{'id': 'fundamental', 'name': 'Fundamental'}","{'id': 'fundamental-fundamental-data', 'name': 'Fundamental Data'}",USA,1,TOP3000,MATRIX,0.8701,131,385,1.1,[],Fundamental_Other,"{'id': 'fundamental6', 'name': 'Company Fundamental Data for Equity'}",MATRIX
fnd6_ivstch,Short-Term Investments - Change,"{'id': 'fundamental6', 'name': 'Company Fundamental Data for Equity'}","{'id': 'fundamental', 'name': 'Fundamental'}","{'id': 'fundamental-fundamental-data', 'name': 'Fundamental Data'}",USA,1,TOP3000,MATRIX,0.6432,165,256,1.1,[],Fundamental_Other,"{'id': 'fundamental6', 'name': 'Company Fundamental Data for Equity'}",MATRIX
fnd6_lifr,LIFO Reserve,"{'id': 'fundamental6', 'name': 'Company Fundamental Data for Equity'}","{'id': 'fundamental', 'name': 'Fundamental'}","{'id': 'fundamental-fundamental-data', 'name': 'Fundamental Data'}",USA,1,TOP3000,MATRIX,0.7681,252,1075,1.1,[],Fundamental_Other,"{'id': 'fundamental6', 'name': 'Company Fundamental Data for Equity'}",MATRIX
fnd6_loc,string for locating the Headquarters of the company,"{'id': 'fundamental6', 'name': 'Company Fundamental Data for Equity'}","{'id': 'fundamental', 'name': 'Fundamental'}","{'id': 'fundamental-fundamental-data', 'name': 'Fundamental Data'}",USA,1,TOP3000,MATRIX,1.0,268,1049,1.1,[],Fundamental_Other,"{'id': 'fundamental6', 'name': 'Company Fundamental Data for Equity'}",MATRIX
fnd6_mfma1_dp,Depreciation and Amortization,"{'id': 'fundamental6', 'name': 'Company Fundamental Data for Equity'}","{'id': 'fundamental', 'name': 'Fundamental'}","{'id': 'fundamental-fundamental-data', 'name': 'Fundamental Data'}",USA,1,TOP3000,MATRIX,0.9188,132,404,1.1,[],Fundamental_Other,"{'id': 'fundamental6', 'name': 'Company Fundamental Data for Equity'}",MATRIX
fnd6_mfma1_invch,Mortgages - Decrease (Increase),"{'id': 'fundamental6', 'name': 'Company Fundamental Data for Equity'}","{'id': 'fundamental', 'name': 'Fundamental'}","{'id': 'fundamental-fundamental-data', 'name': 'Fundamental Data'}",USA,1,TOP3000,MATRIX,0.879,177,463,1.1,[],Fundamental_Other,"{'id': 'fundamental6', 'name': 'Company Fundamental Data for Equity'}",MATRIX
fnd6_mfma2_recch,Accounts Receivable - Decrease (Increase),"{'id': 'fundamental6', 'name': 'Company Fundamental Data for Equity'}","{'id': 'fundamental', 'name': 'Fundamental'}","{'id': 'fundamental-fundamental-data', 'name': 'Fundamental Data'}",USA,1,TOP3000,MATRIX,0.846,233,478,1.1,[],Fundamental_Other,"{'id': 'fundamental6', 'name': 'Company Fundamental Data for Equity'}",MATRIX
fnd6_mfma2_txach,Income Taxes - Accrued - Increase/(Decrease),"{'id': 'fundamental6', 'name': 'Company Fundamental Data for Equity'}","{'id': 'fundamental', 'name': 'Fundamental'}","{'id': 'fundamental-fundamental-data', 'name': 'Fundamental Data'}",USA,1,TOP3000,MATRIX,0.6171,131,394,1.1,[],Fundamental_Other,"{'id': 'fundamental6', 'name': 'Company Fundamental Data for Equity'}",MATRIX
fnd6_mfmq_cheq,Cash and Short-Term Investments,"{'id': 'fundamental6', 'name': 'Company Fundamental Data for Equity'}","{'id': 'fundamental', 'name': 'Fundamental'}","{'id': 'fundamental-fundamental-data', 'name': 'Fundamental Data'}",USA,1,TOP3000,MATRIX,0.9687,167,494,1.1,[],Fundamental_Other,"{'id': 'fundamental6', 'name': 'Company Fundamental Data for Equity'}",MATRIX
fnd6_mfmq_cogsq,Cost of Goods Sold,"{'id': 'fundamental6', 'name': 'Company Fundamental Data for Equity'}","{'id': 'fundamental', 'name': 'Fundamental'}","{'id': 'fundamental-fundamental-data', 'name': 'Fundamental Data'}",USA,1,TOP3000,MATRIX,0.9614,144,340,1.1,[],Fundamental_Other,"{'id': 'fundamental6', 'name': 'Company Fundamental Data for Equity'}",MATRIX
fnd6_mfmq_ibcomq,Income Before Extraordinary Items - Available for Common,"{'id': 'fundamental6', 'name': 'Company Fundamental Data for Equity'}","{'id': 'fundamental', 'name': 'Fundamental'}","{'id': 'fundamental-fundamental-data', 'name': 'Fundamental Data'}",USA,1,TOP3000,MATRIX,0.9803,127,406,1.1,[],Fundamental_Other,"{'id': 'fundamental6', 'name': 'Company Fundamental Data for Equity'}",MATRIX
fnd6_mfmq_piq,Pretax Income,"{'id': 'fundamental6', 'name': 'Company Fundamental Data for Equity'}","{'id': 'fundamental', 'name': 'Fundamental'}","{'id': 'fundamental-fundamental-data', 'name': 'Fundamental Data'}",USA,1,TOP3000,MATRIX,0.9777,146,603,1.1,[],Fundamental_Other,"{'id': 'fundamental6', 'name': 'Company Fundamental Data for Equity'}",MATRIX
fnd6_mkvalt,Market Value - Total,"{'id': 'fundamental6', 'name': 'Company Fundamental Data for Equity'}","{'id': 'fundamental', 'name': 'Fundamental'}","{'id': 'fundamental-fundamental-data', 'name': 'Fundamental Data'}",USA,1,TOP3000,MATRIX,0.822,112,271,1.1,[],Fundamental_Other,"{'id': 'fundamental6', 'name': 'Company Fundamental Data for Equity'}",MATRIX
fnd6_mkvaltq,Market Value - Total,"{'id': 'fundamental6', 'name': 'Company Fundamental Data for Equity'}","{'id': 'fundamental', 'name': 'Fundamental'}","{'id': 'fundamental-fundamental-data', 'name': 'Fundamental Data'}",USA,1,TOP3000,MATRIX,0.8743,61,106,1.1,[],Fundamental_Other,"{'id': 'fundamental6', 'name': 'Company Fundamental Data for Equity'}",MATRIX
fnd6_mrc1,Rental Commitments - Minimum - 1st Year,"{'id': 'fundamental6', 'name': 'Company Fundamental Data for Equity'}","{'id': 'fundamental', 'name': 'Fundamental'}","{'id': 'fundamental-fundamental-data', 'name': 'Fundamental Data'}",USA,1,TOP3000,MATRIX,0.7368,665,1202,1.1,[],Fundamental_Other,"{'id': 'fundamental6', 'name': 'Company Fundamental Data for Equity'}",MATRIX
fnd6_mrc2,Rental Commitments - Minimum - 2nd Year,"{'id': 'fundamental6', 'name': 'Company Fundamental Data for Equity'}","{'id': 'fundamental', 'name': 'Fundamental'}","{'id': 'fundamental-fundamental-data', 'name': 'Fundamental Data'}",USA,1,TOP3000,MATRIX,0.7033,647,1523,1.1,[],Fundamental_Other,"{'id': 'fundamental6', 'name': 'Company Fundamental Data for Equity'}",MATRIX
fnd6_mrc3,Rental Commitments - Minimum - 3rd Year,"{'id': 'fundamental6', 'name': 'Company Fundamental Data for Equity'}","{'id': 'fundamental', 'name': 'Fundamental'}","{'id': 'fundamental-fundamental-data', 'name': 'Fundamental Data'}",USA,1,TOP3000,MATRIX,0.7017,459,945,1.1,[],Fundamental_Other,"{'id': 'fundamental6', 'name': 'Company Fundamental Data for Equity'}",MATRIX
fnd6_mrc4,Rental Commitments - Minimum - 4th Year,"{'id': 'fundamental6', 'name': 'Company Fundamental Data for Equity'}","{'id': 'fundamental', 'name': 'Fundamental'}","{'id': 'fundamental-fundamental-data', 'name': 'Fundamental Data'}",USA,1,TOP3000,MATRIX,0.7021,543,954,1.1,[],Fundamental_Other,"{'id': 'fundamental6', 'name': 'Company Fundamental Data for Equity'}",MATRIX
fnd6_mrc5,Rental Commitments - Minimum - 5th Year,"{'id': 'fundamental6', 'name': 'Company Fundamental Data for Equity'}","{'id': 'fundamental', 'name': 'Fundamental'}","{'id': 'fundamental-fundamental-data', 'name': 'Fundamental Data'}",USA,1,TOP3000,MATRIX,0.6817,616,1286,1.1,[],Fundamental_Other,"{'id': 'fundamental6', 'name': 'Company Fundamental Data for Equity'}",MATRIX
fnd6_mrct,Rental Commitments - Minimum - 5-Year Total,"{'id': 'fundamental6', 'name': 'Company Fundamental Data for Equity'}","{'id': 'fundamental', 'name': 'Fundamental'}","{'id': 'fundamental-fundamental-data', 'name': 'Fundamental Data'}",USA,1,TOP3000,MATRIX,0.6802,437,925,1.1,[],Fundamental_Other,"{'id': 'fundamental6', 'name': 'Company Fundamental Data for Equity'}",MATRIX
fnd6_mrcta,Thereafter Portion of Leases,"{'id': 'fundamental6', 'name': 'Company Fundamental Data for Equity'}","{'id': 'fundamental', 'name': 'Fundamental'}","{'id': 'fundamental-fundamental-data', 'name': 'Fundamental Data'}",USA,1,TOP3000,MATRIX,0.7237,3081,4595,1.1,[],Fundamental_Other,"{'id': 'fundamental6', 'name': 'Company Fundamental Data for Equity'}",MATRIX
fnd6_msa,Marketable Securities Adjustment,"{'id': 'fundamental6', 'name': 'Company Fundamental Data for Equity'}","{'id': 'fundamental', 'name': 'Fundamental'}","{'id': 'fundamental-fundamental-data', 'name': 'Fundamental Data'}",USA,1,TOP3000,MATRIX,0.6262,130,650,1.1,[],Fundamental_Other,"{'id': 'fundamental6', 'name': 'Company Fundamental Data for Equity'}",MATRIX
fnd6_naicss,NAICS Code,"{'id': 'fundamental6', 'name': 'Company Fundamental Data for Equity'}","{'id': 'fundamental', 'name': 'Fundamental'}","{'id': 'fundamental-fundamental-data', 'name': 'Fundamental Data'}",USA,1,TOP3000,VECTOR,0.967,556,975,1.1,[],Fundamental_Other,"{'id': 'fundamental6', 'name': 'Company Fundamental Data for Equity'}",VECTOR
fnd6_newa1v1300_acominc,Accumulated Other Comprehensive Income (Loss),"{'id': 'fundamental6', 'name': 'Company Fundamental Data for Equity'}","{'id': 'fundamental', 'name': 'Fundamental'}","{'id': 'fundamental-fundamental-data', 'name': 'Fundamental Data'}",USA,1,TOP3000,MATRIX,0.6758,383,640,1.1,[],Fundamental_Other,"{'id': 'fundamental6', 'name': 'Company Fundamental Data for Equity'}",MATRIX
fnd6_newa1v1300_aocidergl,Accum Other Comp Inc - Derivatives Unrealized Gain/Loss,"{'id': 'fundamental6', 'name': 'Company Fundamental Data for Equity'}","{'id': 'fundamental', 'name': 'Fundamental'}","{'id': 'fundamental-fundamental-data', 'name': 'Fundamental Data'}",USA,1,TOP3000,MATRIX,0.6398,101,242,1.1,[],Fundamental_Other,"{'id': 'fundamental6', 'name': 'Company Fundamental Data for Equity'}",MATRIX
fnd6_newa1v1300_aociother,Accum Other Comp Inc - Other Adjustments,"{'id': 'fundamental6', 'name': 'Company Fundamental Data for Equity'}","{'id': 'fundamental', 'name': 'Fundamental'}","{'id': 'fundamental-fundamental-data', 'name': 'Fundamental Data'}",USA,1,TOP3000,MATRIX,0.6578,120,301,1.1,[],Fundamental_Other,"{'id': 'fundamental6', 'name': 'Company Fundamental Data for Equity'}",MATRIX
fnd6_newa1v1300_ap,Accounts Payable - Trade,"{'id': 'fundamental6', 'name': 'Company Fundamental Data for Equity'}","{'id': 'fundamental', 'name': 'Fundamental'}","{'id': 'fundamental-fundamental-data', 'name': 'Fundamental Data'}",USA,1,TOP3000,MATRIX,0.9168,167,407,1.1,[],Fundamental_Other,"{'id': 'fundamental6', 'name': 'Company Fundamental Data for Equity'}",MATRIX
fnd6_newa1v1300_che,Cash and Short-Term Investments,"{'id': 'fundamental6', 'name': 'Company Fundamental Data for Equity'}","{'id': 'fundamental', 'name': 'Fundamental'}","{'id': 'fundamental-fundamental-data', 'name': 'Fundamental Data'}",USA,1,TOP3000,MATRIX,0.9332,97,350,1.1,[],Fundamental_Other,"{'id': 'fundamental6', 'name': 'Company Fundamental Data for Equity'}",MATRIX
fnd6_newa1v1300_chech,Cash and Cash Equivalents - Increase/(Decrease),"{'id': 'fundamental6', 'name': 'Company Fundamental Data for Equity'}","{'id': 'fundamental', 'name': 'Fundamental'}","{'id': 'fundamental-fundamental-data', 'name': 'Fundamental Data'}",USA,1,TOP3000,MATRIX,0.8744,274,451,1.1,[],Fundamental_Other,"{'id': 'fundamental6', 'name': 'Company Fundamental Data for Equity'}",MATRIX
fnd6_newa1v1300_cogs,Cost of Goods Sold,"{'id': 'fundamental6', 'name': 'Company Fundamental Data for Equity'}","{'id': 'fundamental', 'name': 'Fundamental'}","{'id': 'fundamental-fundamental-data', 'name': 'Fundamental Data'}",USA,1,TOP3000,MATRIX,0.9262,145,439,1.1,[],Fundamental_Other,"{'id': 'fundamental6', 'name': 'Company Fundamental Data for Equity'}",MATRIX
fnd6_newa1v1300_dltt,Long-Term Debt - Total,"{'id': 'fundamental6', 'name': 'Company Fundamental Data for Equity'}","{'id': 'fundamental', 'name': 'Fundamental'}","{'id': 'fundamental-fundamental-data', 'name': 'Fundamental Data'}",USA,1,TOP3000,MATRIX,0.7895,699,875,1.1,[],Fundamental_Other,"{'id': 'fundamental6', 'name': 'Company Fundamental Data for Equity'}",MATRIX
fnd6_newa1v1300_dp,Depreciation and Amortization,"{'id': 'fundamental6', 'name': 'Company Fundamental Data for Equity'}","{'id': 'fundamental', 'name': 'Fundamental'}","{'id': 'fundamental-fundamental-data', 'name': 'Fundamental Data'}",USA,1,TOP3000,MATRIX,0.8593,105,299,1.1,[],Fundamental_Other,"{'id': 'fundamental6', 'name': 'Company Fundamental Data for Equity'}",MATRIX
fnd6_newa1v1300_dpact,"Depreciation, Depletion and Amortization (Accumulated)","{'id': 'fundamental6', 'name': 'Company Fundamental Data for Equity'}","{'id': 'fundamental', 'name': 'Fundamental'}","{'id': 'fundamental-fundamental-data', 'name': 'Fundamental Data'}",USA,1,TOP3000,MATRIX,0.7866,111,209,1.1,[],Fundamental_Other,"{'id': 'fundamental6', 'name': 'Company Fundamental Data for Equity'}",MATRIX
fnd6_newa1v1300_emp,Employees,"{'id': 'fundamental6', 'name': 'Company Fundamental Data for Equity'}","{'id': 'fundamental', 'name': 'Fundamental'}","{'id': 'fundamental-fundamental-data', 'name': 'Fundamental Data'}",USA,1,TOP3000,MATRIX,0.8744,209,609,1.1,[],Fundamental_Other,"{'id': 'fundamental6', 'name': 'Company Fundamental Data for Equity'}",MATRIX
fnd6_newa1v1300_gdwl,Goodwill,"{'id': 'fundamental6', 'name': 'Company Fundamental Data for Equity'}","{'id': 'fundamental', 'name': 'Fundamental'}","{'id': 'fundamental-fundamental-data', 'name': 'Fundamental Data'}",USA,1,TOP3000,MATRIX,0.817,167,327,1.1,[],Fundamental_Other,"{'id': 'fundamental6', 'name': 'Company Fundamental Data for Equity'}",MATRIX
fnd6_newa1v1300_ib,Income Before Extraordinary Items,"{'id': 'fundamental6', 'name': 'Company Fundamental Data for Equity'}","{'id': 'fundamental', 'name': 'Fundamental'}","{'id': 'fundamental-fundamental-data', 'name': 'Fundamental Data'}",USA,1,TOP3000,MATRIX,0.9366,95,266,1.1,[],Fundamental_Other,"{'id': 'fundamental6', 'name': 'Company Fundamental Data for Equity'}",MATRIX
fnd6_newa1v1300_ibadj,Income Before Extraordinary Items - Adjusted for Common Stock Equivalents,"{'id': 'fundamental6', 'name': 'Company Fundamental Data for Equity'}","{'id': 'fundamental', 'name': 'Fundamental'}","{'id': 'fundamental-fundamental-data', 'name': 'Fundamental Data'}",USA,1,TOP3000,MATRIX,0.9369,91,239,1.1,[],Fundamental_Other,"{'id': 'fundamental6', 'name': 'Company Fundamental Data for Equity'}",MATRIX
fnd6_newa1v1300_ibcom,Income Before Extraordinary Items - Available for Common,"{'id': 'fundamental6', 'name': 'Company Fundamental Data for Equity'}","{'id': 'fundamental', 'name': 'Fundamental'}","{'id': 'fundamental-fundamental-data', 'name': 'Fundamental Data'}",USA,1,TOP3000,MATRIX,0.9367,74,161,1.1,[],Fundamental_Other,"{'id': 'fundamental6', 'name': 'Company Fundamental Data for Equity'}",MATRIX
fnd6_newa1v1300_invch,Mortgages - Decrease (Increase),"{'id': 'fundamental6', 'name': 'Company Fundamental Data for Equity'}","{'id': 'fundamental', 'name': 'Fundamental'}","{'id': 'fundamental-fundamental-data', 'name': 'Fundamental Data'}",USA,1,TOP3000,MATRIX,0.8012,154,463,1.1,[],Fundamental_Other,"{'id': 'fundamental6', 'name': 'Company Fundamental Data for Equity'}",MATRIX
fnd6_newa1v1300_invt,Inventories - Total,"{'id': 'fundamental6', 'name': 'Company Fundamental Data for Equity'}","{'id': 'fundamental', 'name': 'Fundamental'}","{'id': 'fundamental-fundamental-data', 'name': 'Fundamental Data'}",USA,1,TOP3000,MATRIX,0.8956,164,409,1.1,[],Fundamental_Other,"{'id': 'fundamental6', 'name': 'Company Fundamental Data for Equity'}",MATRIX
fnd6_newa2v1300_mib,Minority Interest (Balance Sheet),"{'id': 'fundamental6', 'name': 'Company Fundamental Data for Equity'}","{'id': 'fundamental', 'name': 'Fundamental'}","{'id': 'fundamental-fundamental-data', 'name': 'Fundamental Data'}",USA,1,TOP3000,MATRIX,0.869,193,642,1.1,[],Fundamental_Other,"{'id': 'fundamental6', 'name': 'Company Fundamental Data for Equity'}",MATRIX
fnd6_newa2v1300_ni,Net Income (Loss),"{'id': 'fundamental6', 'name': 'Company Fundamental Data for Equity'}","{'id': 'fundamental', 'name': 'Fundamental'}","{'id': 'fundamental-fundamental-data', 'name': 'Fundamental Data'}",USA,1,TOP3000,MATRIX,0.9388,629,1257,1.1,[],Fundamental_Other,"{'id': 'fundamental6', 'name': 'Company Fundamental Data for Equity'}",MATRIX
fnd6_newa2v1300_optexd,Options - Exercised (-),"{'id': 'fundamental6', 'name': 'Company Fundamental Data for Equity'}","{'id': 'fundamental', 'name': 'Fundamental'}","{'id': 'fundamental-fundamental-data', 'name': 'Fundamental Data'}",USA,1,TOP3000,MATRIX,0.7543,530,1154,1.1,[],Fundamental_Other,"{'id': 'fundamental6', 'name': 'Company Fundamental Data for Equity'}",MATRIX
fnd6_newa2v1300_pi,Pretax Income,"{'id': 'fundamental6', 'name': 'Company Fundamental Data for Equity'}","{'id': 'fundamental', 'name': 'Fundamental'}","{'id': 'fundamental-fundamental-data', 'name': 'Fundamental Data'}",USA,1,TOP3000,MATRIX,0.8925,98,338,1.1,[],Fundamental_Other,"{'id': 'fundamental6', 'name': 'Company Fundamental Data for Equity'}",MATRIX
fnd6_newa2v1300_recch,Accounts Receivable - Decrease (Increase),"{'id': 'fundamental6', 'name': 'Company Fundamental Data for Equity'}","{'id': 'fundamental', 'name': 'Fundamental'}","{'id': 'fundamental-fundamental-data', 'name': 'Fundamental Data'}",USA,1,TOP3000,MATRIX,0.7758,124,384,1.1,[],Fundamental_Other,"{'id': 'fundamental6', 'name': 'Company Fundamental Data for Equity'}",MATRIX
fnd6_newa2v1300_rect,Receivables - Total,"{'id': 'fundamental6', 'name': 'Company Fundamental Data for Equity'}","{'id': 'fundamental', 'name': 'Fundamental'}","{'id': 'fundamental-fundamental-data', 'name': 'Fundamental Data'}",USA,1,TOP3000,MATRIX,0.9129,130,443,1.1,[],Fundamental_Other,"{'id': 'fundamental6', 'name': 'Company Fundamental Data for Equity'}",MATRIX
fnd6_newa2v1300_txach,Income Taxes - Accrued - Increase/(Decrease),"{'id': 'fundamental6', 'name': 'Company Fundamental Data for Equity'}","{'id': 'fundamental', 'name': 'Fundamental'}","{'id': 'fundamental-fundamental-data', 'name': 'Fundamental Data'}",USA,1,TOP3000,MATRIX,0.5685,84,166,1.1,[],Fundamental_Other,"{'id': 'fundamental6', 'name': 'Company Fundamental Data for Equity'}",MATRIX
fnd6_newa2v1300_txdb,Deferred Taxes - Balance Sheet,"{'id': 'fundamental6', 'name': 'Company Fundamental Data for Equity'}","{'id': 'fundamental', 'name': 'Fundamental'}","{'id': 'fundamental-fundamental-data', 'name': 'Fundamental Data'}",USA,1,TOP3000,MATRIX,0.8307,118,350,1.1,[],Fundamental_Other,"{'id': 'fundamental6', 'name': 'Company Fundamental Data for Equity'}",MATRIX
fnd6_newa2v1300_txditc,Deferred Taxes and Investment Tax Credit,"{'id': 'fundamental6', 'name': 'Company Fundamental Data for Equity'}","{'id': 'fundamental', 'name': 'Fundamental'}","{'id': 'fundamental-fundamental-data', 'name': 'Fundamental Data'}",USA,1,TOP3000,MATRIX,0.7976,107,316,1.1,[],Fundamental_Other,"{'id': 'fundamental6', 'name': 'Company Fundamental Data for Equity'}",MATRIX
fnd6_newa2v1300_txp,Income Taxes Payable,"{'id': 'fundamental6', 'name': 'Company Fundamental Data for Equity'}","{'id': 'fundamental', 'name': 'Fundamental'}","{'id': 'fundamental-fundamental-data', 'name': 'Fundamental Data'}",USA,1,TOP3000,MATRIX,0.8221,162,297,1.1,[],Fundamental_Other,"{'id': 'fundamental6', 'name': 'Company Fundamental Data for Equity'}",MATRIX
fnd6_newa2v1300_txt,Income Taxes - Total,"{'id': 'fundamental6', 'name': 'Company Fundamental Data for Equity'}","{'id': 'fundamental', 'name': 'Fundamental'}","{'id': 'fundamental-fundamental-data', 'name': 'Fundamental Data'}",USA,1,TOP3000,MATRIX,0.8583,128,394,1.1,[],Fundamental_Other,"{'id': 'fundamental6', 'name': 'Company Fundamental Data for Equity'}",MATRIX
fnd6_newqv1300_acomincq,Accumulated Other Comprehensive Income (Loss),"{'id': 'fundamental6', 'name': 'Company Fundamental Data for Equity'}","{'id': 'fundamental', 'name': 'Fundamental'}","{'id': 'fundamental-fundamental-data', 'name': 'Fundamental Data'}",USA,1,TOP3000,MATRIX,0.6994,145,1115,1.1,[],Fundamental_Other,"{'id': 'fundamental6', 'name': 'Company Fundamental Data for Equity'}",MATRIX
fnd6_newqv1300_aociderglq,Accum Other Comp Inc - Derivatives Unrealized Gain/Loss,"{'id': 'fundamental6', 'name': 'Company Fundamental Data for Equity'}","{'id': 'fundamental', 'name': 'Fundamental'}","{'id': 'fundamental-fundamental-data', 'name': 'Fundamental Data'}",USA,1,TOP3000,MATRIX,0.8557,120,278,1.1,[],Fundamental_Other,"{'id': 'fundamental6', 'name': 'Company Fundamental Data for Equity'}",MATRIX
fnd6_newqv1300_aociotherq,Accumulated Other Comprehensive Income - Other Adjustments,"{'id': 'fundamental6', 'name': 'Company Fundamental Data for Equity'}","{'id': 'fundamental', 'name': 'Fundamental'}","{'id': 'fundamental-fundamental-data', 'name': 'Fundamental Data'}",USA,1,TOP3000,MATRIX,0.8845,165,525,1.1,[],Fundamental_Other,"{'id': 'fundamental6', 'name': 'Company Fundamental Data for Equity'}",MATRIX
fnd6_newqv1300_chq,Cash,"{'id': 'fundamental6', 'name': 'Company Fundamental Data for Equity'}","{'id': 'fundamental', 'name': 'Fundamental'}","{'id': 'fundamental-fundamental-data', 'name': 'Fundamental Data'}",USA,1,TOP3000,MATRIX,0.533,97,280,1.1,[],Fundamental_Other,"{'id': 'fundamental6', 'name': 'Company Fundamental Data for Equity'}",MATRIX
fnd6_newqv1300_cibegniq,Comp Inc - Beginning Net Income,"{'id': 'fundamental6', 'name': 'Company Fundamental Data for Equity'}","{'id': 'fundamental', 'name': 'Fundamental'}","{'id': 'fundamental-fundamental-data', 'name': 'Fundamental Data'}",USA,1,TOP3000,MATRIX,0.8928,120,238,1.1,[],Fundamental_Other,"{'id': 'fundamental6', 'name': 'Company Fundamental Data for Equity'}",MATRIX
fnd6_newqv1300_ciderglq,Comp Inc - Derivative Gains/Losses,"{'id': 'fundamental6', 'name': 'Company Fundamental Data for Equity'}","{'id': 'fundamental', 'name': 'Fundamental'}","{'id': 'fundamental-fundamental-data', 'name': 'Fundamental Data'}",USA,1,TOP3000,MATRIX,0.8786,56,138,1.1,[],Fundamental_Other,"{'id': 'fundamental6', 'name': 'Company Fundamental Data for Equity'}",MATRIX
fnd6_newqv1300_ciotherq,Comp Inc - Other Adj,"{'id': 'fundamental6', 'name': 'Company Fundamental Data for Equity'}","{'id': 'fundamental', 'name': 'Fundamental'}","{'id': 'fundamental-fundamental-data', 'name': 'Fundamental Data'}",USA,1,TOP3000,MATRIX,0.8917,198,511,1.1,[],Fundamental_Other,"{'id': 'fundamental6', 'name': 'Company Fundamental Data for Equity'}",MATRIX
fnd6_newqv1300_ciq,Comprehensive Income - Total,"{'id': 'fundamental6', 'name': 'Company Fundamental Data for Equity'}","{'id': 'fundamental', 'name': 'Fundamental'}","{'id': 'fundamental-fundamental-data', 'name': 'Fundamental Data'}",USA,1,TOP3000,MATRIX,0.9757,100,355,1.1,[],Fundamental_Other,"{'id': 'fundamental6', 'name': 'Company Fundamental Data for Equity'}",MATRIX
fnd6_newqv1300_cisecglq,Comp Inc - Securities Gains/Losses,"{'id': 'fundamental6', 'name': 'Company Fundamental Data for Equity'}","{'id': 'fundamental', 'name': 'Fundamental'}","{'id': 'fundamental-fundamental-data', 'name': 'Fundamental Data'}",USA,1,TOP3000,MATRIX,0.8792,75,150,1.1,[],Fundamental_Other,"{'id': 'fundamental6', 'name': 'Company Fundamental Data for Equity'}",MATRIX
fnd6_newqv1300_citotalq,Comprehensive Income - Parent,"{'id': 'fundamental6', 'name': 'Company Fundamental Data for Equity'}","{'id': 'fundamental', 'name': 'Fundamental'}","{'id': 'fundamental-fundamental-data', 'name': 'Fundamental Data'}",USA,1,TOP3000,MATRIX,0.8949,77,258,1.1,[],Fundamental_Other,"{'id': 'fundamental6', 'name': 'Company Fundamental Data for Equity'}",MATRIX
fnd6_newqv1300_cogsq,Cost of Goods Sold,"{'id': 'fundamental6', 'name': 'Company Fundamental Data for Equity'}","{'id': 'fundamental', 'name': 'Fundamental'}","{'id': 'fundamental-fundamental-data', 'name': 'Fundamental Data'}",USA,1,TOP3000,MATRIX,0.942,134,341,1.1,[],Fundamental_Other,"{'id': 'fundamental6', 'name': 'Company Fundamental Data for Equity'}",MATRIX
fnd6_newqv1300_dilavq,Dilution Available - Excluding Extraordinary Items,"{'id': 'fundamental6', 'name': 'Company Fundamental Data for Equity'}","{'id': 'fundamental', 'name': 'Fundamental'}","{'id': 'fundamental-fundamental-data', 'name': 'Fundamental Data'}",USA,1,TOP3000,MATRIX,0.9557,127,602,1.1,[],Fundamental_Other,"{'id': 'fundamental6', 'name': 'Company Fundamental Data for Equity'}",MATRIX
fnd6_newqv1300_dpactq,"Depreciation, Depletion and Amortization (Accumulated)","{'id': 'fundamental6', 'name': 'Company Fundamental Data for Equity'}","{'id': 'fundamental', 'name': 'Fundamental'}","{'id': 'fundamental-fundamental-data', 'name': 'Fundamental Data'}",USA,1,TOP3000,MATRIX,0.5395,86,227,1.1,[],Fundamental_Other,"{'id': 'fundamental6', 'name': 'Company Fundamental Data for Equity'}",MATRIX
fnd6_newqv1300_gdwlq,Goodwill (net),"{'id': 'fundamental6', 'name': 'Company Fundamental Data for Equity'}","{'id': 'fundamental', 'name': 'Fundamental'}","{'id': 'fundamental-fundamental-data', 'name': 'Fundamental Data'}",USA,1,TOP3000,MATRIX,0.691,169,431,1.1,[],Fundamental_Other,"{'id': 'fundamental6', 'name': 'Company Fundamental Data for Equity'}",MATRIX
fnd6_newqv1300_ibadj12,Income Before Extra Items - Adj for Common Stock Equivalents - 12MM,"{'id': 'fundamental6', 'name': 'Company Fundamental Data for Equity'}","{'id': 'fundamental', 'name': 'Fundamental'}","{'id': 'fundamental-fundamental-data', 'name': 'Fundamental Data'}",USA,1,TOP3000,MATRIX,0.6686,131,448,1.1,[],Fundamental_Other,"{'id': 'fundamental6', 'name': 'Company Fundamental Data for Equity'}",MATRIX
fnd6_newqv1300_ibadjq,Income Before Extraordinary Items - Adjusted for Common Stock Equivalents,"{'id': 'fundamental6', 'name': 'Company Fundamental Data for Equity'}","{'id': 'fundamental', 'name': 'Fundamental'}","{'id': 'fundamental-fundamental-data', 'name': 'Fundamental Data'}",USA,1,TOP3000,MATRIX,0.9603,112,294,1.1,[],Fundamental_Other,"{'id': 'fundamental6', 'name': 'Company Fundamental Data for Equity'}",MATRIX
fnd6_newqv1300_ibcomq,Income Before Extraordinary Items - Available for Common,"{'id': 'fundamental6', 'name': 'Company Fundamental Data for Equity'}","{'id': 'fundamental', 'name': 'Fundamental'}","{'id': 'fundamental-fundamental-data', 'name': 'Fundamental Data'}",USA,1,TOP3000,MATRIX,0.9602,86,264,1.1,[],Fundamental_Other,"{'id': 'fundamental6', 'name': 'Company Fundamental Data for Equity'}",MATRIX
fnd6_newqv1300_ibq,Income Before Extraordinary Items,"{'id': 'fundamental6', 'name': 'Company Fundamental Data for Equity'}","{'id': 'fundamental', 'name': 'Fundamental'}","{'id': 'fundamental-fundamental-data', 'name': 'Fundamental Data'}",USA,1,TOP3000,MATRIX,0.9603,73,360,1.1,[],Fundamental_Other,"{'id': 'fundamental6', 'name': 'Company Fundamental Data for Equity'}",MATRIX
fnd6_newqv1300_invfgq,Inventory - Finished Goods,"{'id': 'fundamental6', 'name': 'Company Fundamental Data for Equity'}","{'id': 'fundamental', 'name': 'Fundamental'}","{'id': 'fundamental-fundamental-data', 'name': 'Fundamental Data'}",USA,1,TOP3000,MATRIX,0.6005,62,286,1.1,[],Fundamental_Other,"{'id': 'fundamental6', 'name': 'Company Fundamental Data for Equity'}",MATRIX
fnd6_newqv1300_invoq,Inventory - Other,"{'id': 'fundamental6', 'name': 'Company Fundamental Data for Equity'}","{'id': 'fundamental', 'name': 'Fundamental'}","{'id': 'fundamental-fundamental-data', 'name': 'Fundamental Data'}",USA,1,TOP3000,MATRIX,0.6076,100,211,1.1,[],Fundamental_Other,"{'id': 'fundamental6', 'name': 'Company Fundamental Data for Equity'}",MATRIX
fnd6_newqv1300_invrmq,Inventory - Raw Materials,"{'id': 'fundamental6', 'name': 'Company Fundamental Data for Equity'}","{'id': 'fundamental', 'name': 'Fundamental'}","{'id': 'fundamental-fundamental-data', 'name': 'Fundamental Data'}",USA,1,TOP3000,MATRIX,0.5938,84,239,1.1,[],Fundamental_Other,"{'id': 'fundamental6', 'name': 'Company Fundamental Data for Equity'}",MATRIX
fnd6_newqv1300_invtq,Inventories - Total,"{'id': 'fundamental6', 'name': 'Company Fundamental Data for Equity'}","{'id': 'fundamental', 'name': 'Fundamental'}","{'id': 'fundamental-fundamental-data', 'name': 'Fundamental Data'}",USA,1,TOP3000,MATRIX,0.6619,117,315,1.1,[],Fundamental_Other,"{'id': 'fundamental6', 'name': 'Company Fundamental Data for Equity'}",MATRIX
fnd6_newqv1300_ivltq,Total Long-term Investments,"{'id': 'fundamental6', 'name': 'Company Fundamental Data for Equity'}","{'id': 'fundamental', 'name': 'Fundamental'}","{'id': 'fundamental-fundamental-data', 'name': 'Fundamental Data'}",USA,1,TOP3000,MATRIX,0.5692,87,230,1.1,[],Fundamental_Other,"{'id': 'fundamental6', 'name': 'Company Fundamental Data for Equity'}",MATRIX
fnd6_newqv1300_ivstq,Short-Term Investments - Total,"{'id': 'fundamental6', 'name': 'Company Fundamental Data for Equity'}","{'id': 'fundamental', 'name': 'Fundamental'}","{'id': 'fundamental-fundamental-data', 'name': 'Fundamental Data'}",USA,1,TOP3000,MATRIX,0.5136,43,88,1.1,[],Fundamental_Other,"{'id': 'fundamental6', 'name': 'Company Fundamental Data for Equity'}",MATRIX
fnd6_newqv1300_msaq,Accumulated Other Comprehensive Income - Marketable Security Adjustments,"{'id': 'fundamental6', 'name': 'Company Fundamental Data for Equity'}","{'id': 'fundamental', 'name': 'Fundamental'}","{'id': 'fundamental-fundamental-data', 'name': 'Fundamental Data'}",USA,1,TOP3000,MATRIX,0.6391,75,326,1.1,[],Fundamental_Other,"{'id': 'fundamental6', 'name': 'Company Fundamental Data for Equity'}",MATRIX
fnd6_newqv1300_optfvgrq,Options - Fair Value of Options Granted,"{'id': 'fundamental6', 'name': 'Company Fundamental Data for Equity'}","{'id': 'fundamental', 'name': 'Fundamental'}","{'id': 'fundamental-fundamental-data', 'name': 'Fundamental Data'}",USA,1,TOP3000,MATRIX,0.3365,391,576,1.1,[],Fundamental_Other,"{'id': 'fundamental6', 'name': 'Company Fundamental Data for Equity'}",MATRIX
fnd6_newqv1300_optrfrq,Risk-Free Rate - Assumption (%),"{'id': 'fundamental6', 'name': 'Company Fundamental Data for Equity'}","{'id': 'fundamental', 'name': 'Fundamental'}","{'id': 'fundamental-fundamental-data', 'name': 'Fundamental Data'}",USA,1,TOP3000,MATRIX,0.3492,50,121,1.1,[],Fundamental_Other,"{'id': 'fundamental6', 'name': 'Company Fundamental Data for Equity'}",MATRIX
fnd6_newqv1300_piq,Pretax Income,"{'id': 'fundamental6', 'name': 'Company Fundamental Data for Equity'}","{'id': 'fundamental', 'name': 'Fundamental'}","{'id': 'fundamental-fundamental-data', 'name': 'Fundamental Data'}",USA,1,TOP3000,MATRIX,0.9575,154,432,1.1,[],Fundamental_Other,"{'id': 'fundamental6', 'name': 'Company Fundamental Data for Equity'}",MATRIX
fnd6_newqv1300_prcaq,Core Post Retirement Adjustment,"{'id': 'fundamental6', 'name': 'Company Fundamental Data for Equity'}","{'id': 'fundamental', 'name': 'Fundamental'}","{'id': 'fundamental-fundamental-data', 'name': 'Fundamental Data'}",USA,1,TOP3000,MATRIX,0.3866,4,4,1.1,[],Fundamental_Other,"{'id': 'fundamental6', 'name': 'Company Fundamental Data for Equity'}",MATRIX
fnd6_newqv1300_rcpq,Restructuring Cost Pretax,"{'id': 'fundamental6', 'name': 'Company Fundamental Data for Equity'}","{'id': 'fundamental', 'name': 'Fundamental'}","{'id': 'fundamental-fundamental-data', 'name': 'Fundamental Data'}",USA,1,TOP3000,MATRIX,0.2662,62,112,1.1,[],Fundamental_Other,"{'id': 'fundamental6', 'name': 'Company Fundamental Data for Equity'}",MATRIX
fnd6_newqv1300_rectaq,Accum Other Comp Inc - Cumulative Translation Adjustments,"{'id': 'fundamental6', 'name': 'Company Fundamental Data for Equity'}","{'id': 'fundamental', 'name': 'Fundamental'}","{'id': 'fundamental-fundamental-data', 'name': 'Fundamental Data'}",USA,1,TOP3000,MATRIX,0.6575,170,428,1.1,[],Fundamental_Other,"{'id': 'fundamental6', 'name': 'Company Fundamental Data for Equity'}",MATRIX
fnd6_newqv1300_rectoq,Receivables - Current Other incl Tax Refunds,"{'id': 'fundamental6', 'name': 'Company Fundamental Data for Equity'}","{'id': 'fundamental', 'name': 'Fundamental'}","{'id': 'fundamental-fundamental-data', 'name': 'Fundamental Data'}",USA,1,TOP3000,MATRIX,0.5761,103,320,1.1,[],Fundamental_Other,"{'id': 'fundamental6', 'name': 'Company Fundamental Data for Equity'}",MATRIX
fnd6_newqv1300_rectrq,Receivables - Trade,"{'id': 'fundamental6', 'name': 'Company Fundamental Data for Equity'}","{'id': 'fundamental', 'name': 'Fundamental'}","{'id': 'fundamental-fundamental-data', 'name': 'Fundamental Data'}",USA,1,TOP3000,MATRIX,0.5865,100,248,1.1,[],Fundamental_Other,"{'id': 'fundamental6', 'name': 'Company Fundamental Data for Equity'}",MATRIX
fnd6_newqv1300_txdbq,Deferred Taxes - Balance Sheet,"{'id': 'fundamental6', 'name': 'Company Fundamental Data for Equity'}","{'id': 'fundamental', 'name': 'Fundamental'}","{'id': 'fundamental-fundamental-data', 'name': 'Fundamental Data'}",USA,1,TOP3000,MATRIX,0.4074,36,103,1.1,[],Fundamental_Other,"{'id': 'fundamental6', 'name': 'Company Fundamental Data for Equity'}",MATRIX
fnd6_newqv1300_txdiq,Income Taxes - Deferred,"{'id': 'fundamental6', 'name': 'Company Fundamental Data for Equity'}","{'id': 'fundamental', 'name': 'Fundamental'}","{'id': 'fundamental-fundamental-data', 'name': 'Fundamental Data'}",USA,1,TOP3000,MATRIX,0.3141,57,139,1.1,[],Fundamental_Other,"{'id': 'fundamental6', 'name': 'Company Fundamental Data for Equity'}",MATRIX
fnd6_newqv1300_txditcq,Deferred Taxes and Investment Tax Credit,"{'id': 'fundamental6', 'name': 'Company Fundamental Data for Equity'}","{'id': 'fundamental', 'name': 'Fundamental'}","{'id': 'fundamental-fundamental-data', 'name': 'Fundamental Data'}",USA,1,TOP3000,MATRIX,0.7888,78,492,1.1,[],Fundamental_Other,"{'id': 'fundamental6', 'name': 'Company Fundamental Data for Equity'}",MATRIX
fnd6_newqv1300_txpq,Income Taxes Payable,"{'id': 'fundamental6', 'name': 'Company Fundamental Data for Equity'}","{'id': 'fundamental', 'name': 'Fundamental'}","{'id': 'fundamental-fundamental-data', 'name': 'Fundamental Data'}",USA,1,TOP3000,MATRIX,0.7903,83,370,1.1,[],Fundamental_Other,"{'id': 'fundamental6', 'name': 'Company Fundamental Data for Equity'}",MATRIX
fnd6_newqv1300_txtq,Income Taxes - Total,"{'id': 'fundamental6', 'name': 'Company Fundamental Data for Equity'}","{'id': 'fundamental', 'name': 'Fundamental'}","{'id': 'fundamental-fundamental-data', 'name': 'Fundamental Data'}",USA,1,TOP3000,MATRIX,0.8662,104,455,1.1,[],Fundamental_Other,"{'id': 'fundamental6', 'name': 'Company Fundamental Data for Equity'}",MATRIX
fnd6_newqv1300_txwq,Excise Taxes,"{'id': 'fundamental6', 'name': 'Company Fundamental Data for Equity'}","{'id': 'fundamental', 'name': 'Fundamental'}","{'id': 'fundamental-fundamental-data', 'name': 'Fundamental Data'}",USA,1,TOP3000,MATRIX,0.7126,221,485,1.1,[],Fundamental_Other,"{'id': 'fundamental6', 'name': 'Company Fundamental Data for Equity'}",MATRIX
fnd6_nis,Net Income (Loss),"{'id': 'fundamental6', 'name': 'Company Fundamental Data for Equity'}","{'id': 'fundamental', 'name': 'Fundamental'}","{'id': 'fundamental-fundamental-data', 'name': 'Fundamental Data'}",USA,1,TOP3000,VECTOR,0.84,21,25,1.1,[],Fundamental_Other,"{'id': 'fundamental6', 'name': 'Company Fundamental Data for Equity'}",VECTOR
fnd6_np,Notes Payable - Short-Term Borrowings,"{'id': 'fundamental6', 'name': 'Company Fundamental Data for Equity'}","{'id': 'fundamental', 'name': 'Fundamental'}","{'id': 'fundamental-fundamental-data', 'name': 'Fundamental Data'}",USA,1,TOP3000,MATRIX,0.3235,129,213,1.1,[],Fundamental_Other,"{'id': 'fundamental6', 'name': 'Company Fundamental Data for Equity'}",MATRIX
fnd6_npq,Notes Payable,"{'id': 'fundamental6', 'name': 'Company Fundamental Data for Equity'}","{'id': 'fundamental', 'name': 'Fundamental'}","{'id': 'fundamental-fundamental-data', 'name': 'Fundamental Data'}",USA,1,TOP3000,MATRIX,0.889,150,281,1.1,[],Fundamental_Other,"{'id': 'fundamental6', 'name': 'Company Fundamental Data for Equity'}",MATRIX
fnd6_obs,Order Backlog,"{'id': 'fundamental6', 'name': 'Company Fundamental Data for Equity'}","{'id': 'fundamental', 'name': 'Fundamental'}","{'id': 'fundamental-fundamental-data', 'name': 'Fundamental Data'}",USA,1,TOP3000,VECTOR,0.6978,12,12,1.1,[],Fundamental_Other,"{'id': 'fundamental6', 'name': 'Company Fundamental Data for Equity'}",VECTOR
fnd6_oelim,Other Eliminations (Income),"{'id': 'fundamental6', 'name': 'Company Fundamental Data for Equity'}","{'id': 'fundamental', 'name': 'Fundamental'}","{'id': 'fundamental-fundamental-data', 'name': 'Fundamental Data'}",USA,1,TOP3000,VECTOR,0.9592,27,33,1.1,[],Fundamental_Other,"{'id': 'fundamental6', 'name': 'Company Fundamental Data for Equity'}",VECTOR
fnd6_optca,Options - Cancelled (-),"{'id': 'fundamental6', 'name': 'Company Fundamental Data for Equity'}","{'id': 'fundamental', 'name': 'Fundamental'}","{'id': 'fundamental-fundamental-data', 'name': 'Fundamental Data'}",USA,1,TOP3000,MATRIX,0.7542,470,1266,1.1,[],Fundamental_Other,"{'id': 'fundamental6', 'name': 'Company Fundamental Data for Equity'}",MATRIX
fnd6_optex,Options Exercisable (000),"{'id': 'fundamental6', 'name': 'Company Fundamental Data for Equity'}","{'id': 'fundamental', 'name': 'Fundamental'}","{'id': 'fundamental-fundamental-data', 'name': 'Fundamental Data'}",USA,1,TOP3000,MATRIX,0.7389,283,959,1.1,[],Fundamental_Other,"{'id': 'fundamental6', 'name': 'Company Fundamental Data for Equity'}",MATRIX
fnd6_optfvgr,Options - Fair Value of Options Granted,"{'id': 'fundamental6', 'name': 'Company Fundamental Data for Equity'}","{'id': 'fundamental', 'name': 'Fundamental'}","{'id': 'fundamental-fundamental-data', 'name': 'Fundamental Data'}",USA,1,TOP3000,MATRIX,0.5051,142,602,1.1,[],Fundamental_Other,"{'id': 'fundamental6', 'name': 'Company Fundamental Data for Equity'}",MATRIX
fnd6_optgr,Options - Granted,"{'id': 'fundamental6', 'name': 'Company Fundamental Data for Equity'}","{'id': 'fundamental', 'name': 'Fundamental'}","{'id': 'fundamental-fundamental-data', 'name': 'Fundamental Data'}",USA,1,TOP3000,MATRIX,0.7566,200,555,1.1,[],Fundamental_Other,"{'id': 'fundamental6', 'name': 'Company Fundamental Data for Equity'}",MATRIX
fnd6_optlife,Life of Options - Assumption (# yrs),"{'id': 'fundamental6', 'name': 'Company Fundamental Data for Equity'}","{'id': 'fundamental', 'name': 'Fundamental'}","{'id': 'fundamental-fundamental-data', 'name': 'Fundamental Data'}",USA,1,TOP3000,MATRIX,0.5198,178,650,1.1,[],Fundamental_Other,"{'id': 'fundamental6', 'name': 'Company Fundamental Data for Equity'}",MATRIX
fnd6_optlifeq,Life of Options - Assumption (# yrs),"{'id': 'fundamental6', 'name': 'Company Fundamental Data for Equity'}","{'id': 'fundamental', 'name': 'Fundamental'}","{'id': 'fundamental-fundamental-data', 'name': 'Fundamental Data'}",USA,1,TOP3000,MATRIX,0.3475,53,192,1.1,[],Fundamental_Other,"{'id': 'fundamental6', 'name': 'Company Fundamental Data for Equity'}",MATRIX
fnd6_optosby,Options Outstanding - Beginning of Year,"{'id': 'fundamental6', 'name': 'Company Fundamental Data for Equity'}","{'id': 'fundamental', 'name': 'Fundamental'}","{'id': 'fundamental-fundamental-data', 'name': 'Fundamental Data'}",USA,1,TOP3000,MATRIX,0.7564,218,658,1.1,[],Fundamental_Other,"{'id': 'fundamental6', 'name': 'Company Fundamental Data for Equity'}",MATRIX
fnd6_optosey,Options Outstanding - End of Year,"{'id': 'fundamental6', 'name': 'Company Fundamental Data for Equity'}","{'id': 'fundamental', 'name': 'Fundamental'}","{'id': 'fundamental-fundamental-data', 'name': 'Fundamental Data'}",USA,1,TOP3000,MATRIX,0.6587,181,742,1.1,[],Fundamental_Other,"{'id': 'fundamental6', 'name': 'Company Fundamental Data for Equity'}",MATRIX
fnd6_optrfr,Risk-Free Rate - Assumption (%),"{'id': 'fundamental6', 'name': 'Company Fundamental Data for Equity'}","{'id': 'fundamental', 'name': 'Fundamental'}","{'id': 'fundamental-fundamental-data', 'name': 'Fundamental Data'}",USA,1,TOP3000,MATRIX,0.5245,223,658,1.1,[],Fundamental_Other,"{'id': 'fundamental6', 'name': 'Company Fundamental Data for Equity'}",MATRIX
fnd6_pidom,Pretax Income - Domestic,"{'id': 'fundamental6', 'name': 'Company Fundamental Data for Equity'}","{'id': 'fundamental', 'name': 'Fundamental'}","{'id': 'fundamental-fundamental-data', 'name': 'Fundamental Data'}",USA,1,TOP3000,MATRIX,0.3877,157,278,1.1,[],Fundamental_Other,"{'id': 'fundamental6', 'name': 'Company Fundamental Data for Equity'}",MATRIX
fnd6_pifo,Pretax Income - Foreign,"{'id': 'fundamental6', 'name': 'Company Fundamental Data for Equity'}","{'id': 'fundamental', 'name': 'Fundamental'}","{'id': 'fundamental-fundamental-data', 'name': 'Fundamental Data'}",USA,1,TOP3000,MATRIX,0.3838,971,1922,1.1,[],Fundamental_Other,"{'id': 'fundamental6', 'name': 'Company Fundamental Data for Equity'}",MATRIX
fnd6_prstkc,Purchase of Common and Preferred Stock,"{'id': 'fundamental6', 'name': 'Company Fundamental Data for Equity'}","{'id': 'fundamental', 'name': 'Fundamental'}","{'id': 'fundamental-fundamental-data', 'name': 'Fundamental Data'}",USA,1,TOP3000,MATRIX,0.834,112,376,1.1,[],Fundamental_Other,"{'id': 'fundamental6', 'name': 'Company Fundamental Data for Equity'}",MATRIX
fnd6_pstkc,Preferred Stock - Convertible,"{'id': 'fundamental6', 'name': 'Company Fundamental Data for Equity'}","{'id': 'fundamental', 'name': 'Fundamental'}","{'id': 'fundamental-fundamental-data', 'name': 'Fundamental Data'}",USA,1,TOP3000,MATRIX,0.8372,185,353,1.1,[],Fundamental_Other,"{'id': 'fundamental6', 'name': 'Company Fundamental Data for Equity'}",MATRIX
fnd6_pstkl,Preferred Stock - Liquidating Value,"{'id': 'fundamental6', 'name': 'Company Fundamental Data for Equity'}","{'id': 'fundamental', 'name': 'Fundamental'}","{'id': 'fundamental-fundamental-data', 'name': 'Fundamental Data'}",USA,1,TOP3000,MATRIX,0.8974,105,185,1.1,[],Fundamental_Other,"{'id': 'fundamental6', 'name': 'Company Fundamental Data for Equity'}",MATRIX
fnd6_pstkrv,Preferred Stock - Redemption Value,"{'id': 'fundamental6', 'name': 'Company Fundamental Data for Equity'}","{'id': 'fundamental', 'name': 'Fundamental'}","{'id': 'fundamental-fundamental-data', 'name': 'Fundamental Data'}",USA,1,TOP3000,MATRIX,0.8986,125,260,1.1,[],Fundamental_Other,"{'id': 'fundamental6', 'name': 'Company Fundamental Data for Equity'}",MATRIX
fnd6_ptis,Pretax Income,"{'id': 'fundamental6', 'name': 'Company Fundamental Data for Equity'}","{'id': 'fundamental', 'name': 'Fundamental'}","{'id': 'fundamental-fundamental-data', 'name': 'Fundamental Data'}",USA,1,TOP3000,VECTOR,0.8488,20,36,1.1,[],Fundamental_Other,"{'id': 'fundamental6', 'name': 'Company Fundamental Data for Equity'}",VECTOR
fnd6_ranks,Ranking,"{'id': 'fundamental6', 'name': 'Company Fundamental Data for Equity'}","{'id': 'fundamental', 'name': 'Fundamental'}","{'id': 'fundamental-fundamental-data', 'name': 'Fundamental Data'}",USA,1,TOP3000,VECTOR,0.967,443,591,1.1,[],Fundamental_Other,"{'id': 'fundamental6', 'name': 'Company Fundamental Data for Equity'}",VECTOR
fnd6_rds,Research and Development,"{'id': 'fundamental6', 'name': 'Company Fundamental Data for Equity'}","{'id': 'fundamental', 'name': 'Fundamental'}","{'id': 'fundamental-fundamental-data', 'name': 'Fundamental Data'}",USA,1,TOP3000,VECTOR,0.7722,27,46,1.1,[],Fundamental_Other,"{'id': 'fundamental6', 'name': 'Company Fundamental Data for Equity'}",VECTOR
fnd6_recco,Receivables - Current - Other,"{'id': 'fundamental6', 'name': 'Company Fundamental Data for Equity'}","{'id': 'fundamental', 'name': 'Fundamental'}","{'id': 'fundamental-fundamental-data', 'name': 'Fundamental Data'}",USA,1,TOP3000,MATRIX,0.8192,211,621,1.1,[],Fundamental_Other,"{'id': 'fundamental6', 'name': 'Company Fundamental Data for Equity'}",MATRIX
fnd6_rectr,Receivables - Trade,"{'id': 'fundamental6', 'name': 'Company Fundamental Data for Equity'}","{'id': 'fundamental', 'name': 'Fundamental'}","{'id': 'fundamental-fundamental-data', 'name': 'Fundamental Data'}",USA,1,TOP3000,MATRIX,0.8088,213,635,1.1,[],Fundamental_Other,"{'id': 'fundamental6', 'name': 'Company Fundamental Data for Equity'}",MATRIX
fnd6_sics,SIC Code,"{'id': 'fundamental6', 'name': 'Company Fundamental Data for Equity'}","{'id': 'fundamental', 'name': 'Fundamental'}","{'id': 'fundamental-fundamental-data', 'name': 'Fundamental Data'}",USA,1,TOP3000,VECTOR,0.967,47,83,1.1,[],Fundamental_Other,"{'id': 'fundamental6', 'name': 'Company Fundamental Data for Equity'}",VECTOR
fnd6_siv,Sale of Investments,"{'id': 'fundamental6', 'name': 'Company Fundamental Data for Equity'}","{'id': 'fundamental', 'name': 'Fundamental'}","{'id': 'fundamental-fundamental-data', 'name': 'Fundamental Data'}",USA,1,TOP3000,MATRIX,0.8429,94,388,1.1,[],Fundamental_Other,"{'id': 'fundamental6', 'name': 'Company Fundamental Data for Equity'}",MATRIX
fnd6_snms,Segment Name,"{'id': 'fundamental6', 'name': 'Company Fundamental Data for Equity'}","{'id': 'fundamental', 'name': 'Fundamental'}","{'id': 'fundamental-fundamental-data', 'name': 'Fundamental Data'}",USA,1,TOP3000,VECTOR,0.967,31,71,1.1,[],Fundamental_Other,"{'id': 'fundamental6', 'name': 'Company Fundamental Data for Equity'}",VECTOR
fnd6_sstk,Sale of Common and Preferred Stock,"{'id': 'fundamental6', 'name': 'Company Fundamental Data for Equity'}","{'id': 'fundamental', 'name': 'Fundamental'}","{'id': 'fundamental-fundamental-data', 'name': 'Fundamental Data'}",USA,1,TOP3000,MATRIX,0.8671,273,949,1.1,[],Fundamental_Other,"{'id': 'fundamental6', 'name': 'Company Fundamental Data for Equity'}",MATRIX
fnd6_state,integer for identifying the state of the company,"{'id': 'fundamental6', 'name': 'Company Fundamental Data for Equity'}","{'id': 'fundamental', 'name': 'Fundamental'}","{'id': 'fundamental-fundamental-data', 'name': 'Fundamental Data'}",USA,1,TOP3000,MATRIX,1.0,380,1520,1.1,[],Fundamental_Other,"{'id': 'fundamental6', 'name': 'Company Fundamental Data for Equity'}",MATRIX
fnd6_tlcf,Tax Loss Carry Forward,"{'id': 'fundamental6', 'name': 'Company Fundamental Data for Equity'}","{'id': 'fundamental', 'name': 'Fundamental'}","{'id': 'fundamental-fundamental-data', 'name': 'Fundamental Data'}",USA,1,TOP3000,MATRIX,0.5869,122,315,1.1,[],Fundamental_Other,"{'id': 'fundamental6', 'name': 'Company Fundamental Data for Equity'}",MATRIX
fnd6_tstkc,Treasury Stock - Common,"{'id': 'fundamental6', 'name': 'Company Fundamental Data for Equity'}","{'id': 'fundamental', 'name': 'Fundamental'}","{'id': 'fundamental-fundamental-data', 'name': 'Fundamental Data'}",USA,1,TOP3000,MATRIX,0.8986,142,452,1.1,[],Fundamental_Other,"{'id': 'fundamental6', 'name': 'Company Fundamental Data for Equity'}",MATRIX
fnd6_txc,Income Taxes - Current,"{'id': 'fundamental6', 'name': 'Company Fundamental Data for Equity'}","{'id': 'fundamental', 'name': 'Fundamental'}","{'id': 'fundamental-fundamental-data', 'name': 'Fundamental Data'}",USA,1,TOP3000,MATRIX,0.6786,163,468,1.1,[],Fundamental_Other,"{'id': 'fundamental6', 'name': 'Company Fundamental Data for Equity'}",MATRIX
fnd6_txdfed,Deferred Taxes - Federal,"{'id': 'fundamental6', 'name': 'Company Fundamental Data for Equity'}","{'id': 'fundamental', 'name': 'Fundamental'}","{'id': 'fundamental-fundamental-data', 'name': 'Fundamental Data'}",USA,1,TOP3000,MATRIX,0.5981,94,317,1.1,[],Fundamental_Other,"{'id': 'fundamental6', 'name': 'Company Fundamental Data for Equity'}",MATRIX
fnd6_txdfo,Deferred Taxes - Foreign,"{'id': 'fundamental6', 'name': 'Company Fundamental Data for Equity'}","{'id': 'fundamental', 'name': 'Fundamental'}","{'id': 'fundamental-fundamental-data', 'name': 'Fundamental Data'}",USA,1,TOP3000,MATRIX,0.6464,92,244,1.1,[],Fundamental_Other,"{'id': 'fundamental6', 'name': 'Company Fundamental Data for Equity'}",MATRIX
fnd6_txdi,Income Taxes - Deferred,"{'id': 'fundamental6', 'name': 'Company Fundamental Data for Equity'}","{'id': 'fundamental', 'name': 'Fundamental'}","{'id': 'fundamental-fundamental-data', 'name': 'Fundamental Data'}",USA,1,TOP3000,MATRIX,0.8012,116,286,1.1,[],Fundamental_Other,"{'id': 'fundamental6', 'name': 'Company Fundamental Data for Equity'}",MATRIX
fnd6_txds,Deferred Taxes - State,"{'id': 'fundamental6', 'name': 'Company Fundamental Data for Equity'}","{'id': 'fundamental', 'name': 'Fundamental'}","{'id': 'fundamental-fundamental-data', 'name': 'Fundamental Data'}",USA,1,TOP3000,MATRIX,0.5937,79,224,1.1,[],Fundamental_Other,"{'id': 'fundamental6', 'name': 'Company Fundamental Data for Equity'}",MATRIX
fnd6_txfed,Income Taxes - Federal,"{'id': 'fundamental6', 'name': 'Company Fundamental Data for Equity'}","{'id': 'fundamental', 'name': 'Fundamental'}","{'id': 'fundamental-fundamental-data', 'name': 'Fundamental Data'}",USA,1,TOP3000,MATRIX,0.6791,102,253,1.1,[],Fundamental_Other,"{'id': 'fundamental6', 'name': 'Company Fundamental Data for Equity'}",MATRIX
fnd6_txfo,Income Taxes - Foreign,"{'id': 'fundamental6', 'name': 'Company Fundamental Data for Equity'}","{'id': 'fundamental', 'name': 'Fundamental'}","{'id': 'fundamental-fundamental-data', 'name': 'Fundamental Data'}",USA,1,TOP3000,MATRIX,0.6956,498,1123,1.1,[],Fundamental_Other,"{'id': 'fundamental6', 'name': 'Company Fundamental Data for Equity'}",MATRIX
fnd6_txndbr,Deferred Tax Residual,"{'id': 'fundamental6', 'name': 'Company Fundamental Data for Equity'}","{'id': 'fundamental', 'name': 'Fundamental'}","{'id': 'fundamental-fundamental-data', 'name': 'Fundamental Data'}",USA,1,TOP3000,MATRIX,0.6965,65,146,1.1,[],Fundamental_Other,"{'id': 'fundamental6', 'name': 'Company Fundamental Data for Equity'}",MATRIX
fnd6_txo,Income Taxes - Other,"{'id': 'fundamental6', 'name': 'Company Fundamental Data for Equity'}","{'id': 'fundamental', 'name': 'Fundamental'}","{'id': 'fundamental-fundamental-data', 'name': 'Fundamental Data'}",USA,1,TOP3000,MATRIX,0.8004,1163,1611,1.1,[],Fundamental_Other,"{'id': 'fundamental6', 'name': 'Company Fundamental Data for Equity'}",MATRIX
fnd6_txpd,Income Taxes Paid,"{'id': 'fundamental6', 'name': 'Company Fundamental Data for Equity'}","{'id': 'fundamental', 'name': 'Fundamental'}","{'id': 'fundamental-fundamental-data', 'name': 'Fundamental Data'}",USA,1,TOP3000,MATRIX,0.7889,182,626,1.1,[],Fundamental_Other,"{'id': 'fundamental6', 'name': 'Company Fundamental Data for Equity'}",MATRIX
fnd6_txr,Income Tax Refund,"{'id': 'fundamental6', 'name': 'Company Fundamental Data for Equity'}","{'id': 'fundamental', 'name': 'Fundamental'}","{'id': 'fundamental-fundamental-data', 'name': 'Fundamental Data'}",USA,1,TOP3000,MATRIX,0.7987,251,442,1.1,[],Fundamental_Other,"{'id': 'fundamental6', 'name': 'Company Fundamental Data for Equity'}",MATRIX
fnd6_txs,Income Taxes - State,"{'id': 'fundamental6', 'name': 'Company Fundamental Data for Equity'}","{'id': 'fundamental', 'name': 'Fundamental'}","{'id': 'fundamental-fundamental-data', 'name': 'Fundamental Data'}",USA,1,TOP3000,MATRIX,0.6724,145,252,1.1,[],Fundamental_Other,"{'id': 'fundamental6', 'name': 'Company Fundamental Data for Equity'}",MATRIX
fnd6_txts,Income Taxes,"{'id': 'fundamental6', 'name': 'Company Fundamental Data for Equity'}","{'id': 'fundamental', 'name': 'Fundamental'}","{'id': 'fundamental-fundamental-data', 'name': 'Fundamental Data'}",USA,1,TOP3000,VECTOR,0.6032,37,47,1.1,[],Fundamental_Other,"{'id': 'fundamental6', 'name': 'Company Fundamental Data for Equity'}",VECTOR
fnd6_txtubadjust,Other Unrecognized Tax Benefit Adjustment,"{'id': 'fundamental6', 'name': 'Company Fundamental Data for Equity'}","{'id': 'fundamental', 'name': 'Fundamental'}","{'id': 'fundamental-fundamental-data', 'name': 'Fundamental Data'}",USA,1,TOP3000,MATRIX,0.6537,105,269,1.1,[],Fundamental_Other,"{'id': 'fundamental6', 'name': 'Company Fundamental Data for Equity'}",MATRIX
fnd6_txtubbegin,Unrecog. Tax Benefits - Beg of Year,"{'id': 'fundamental6', 'name': 'Company Fundamental Data for Equity'}","{'id': 'fundamental', 'name': 'Fundamental'}","{'id': 'fundamental-fundamental-data', 'name': 'Fundamental Data'}",USA,1,TOP3000,MATRIX,0.6604,281,372,1.1,[],Fundamental_Other,"{'id': 'fundamental6', 'name': 'Company Fundamental Data for Equity'}",MATRIX
fnd6_txtubend,Unrecog. Tax Benefits - End of Year,"{'id': 'fundamental6', 'name': 'Company Fundamental Data for Equity'}","{'id': 'fundamental', 'name': 'Fundamental'}","{'id': 'fundamental-fundamental-data', 'name': 'Fundamental Data'}",USA,1,TOP3000,MATRIX,0.6682,226,524,1.1,[],Fundamental_Other,"{'id': 'fundamental6', 'name': 'Company Fundamental Data for Equity'}",MATRIX
fnd6_txtubposdec,Decrease - Current Tax Positions,"{'id': 'fundamental6', 'name': 'Company Fundamental Data for Equity'}","{'id': 'fundamental', 'name': 'Fundamental'}","{'id': 'fundamental-fundamental-data', 'name': 'Fundamental Data'}",USA,1,TOP3000,MATRIX,0.668,238,672,1.1,[],Fundamental_Other,"{'id': 'fundamental6', 'name': 'Company Fundamental Data for Equity'}",MATRIX
fnd6_txtubposinc,Increase - Current Tax Positions,"{'id': 'fundamental6', 'name': 'Company Fundamental Data for Equity'}","{'id': 'fundamental', 'name': 'Fundamental'}","{'id': 'fundamental-fundamental-data', 'name': 'Fundamental Data'}",USA,1,TOP3000,MATRIX,0.6533,111,254,1.1,[],Fundamental_Other,"{'id': 'fundamental6', 'name': 'Company Fundamental Data for Equity'}",MATRIX
fnd6_txtubpospdec,Decrease - Prior Tax Positions,"{'id': 'fundamental6', 'name': 'Company Fundamental Data for Equity'}","{'id': 'fundamental', 'name': 'Fundamental'}","{'id': 'fundamental-fundamental-data', 'name': 'Fundamental Data'}",USA,1,TOP3000,MATRIX,0.6679,101,382,1.1,[],Fundamental_Other,"{'id': 'fundamental6', 'name': 'Company Fundamental Data for Equity'}",MATRIX
fnd6_txtubpospinc,Increase - Prior Tax Positions,"{'id': 'fundamental6', 'name': 'Company Fundamental Data for Equity'}","{'id': 'fundamental', 'name': 'Fundamental'}","{'id': 'fundamental-fundamental-data', 'name': 'Fundamental Data'}",USA,1,TOP3000,MATRIX,0.6533,103,188,1.1,[],Fundamental_Other,"{'id': 'fundamental6', 'name': 'Company Fundamental Data for Equity'}",MATRIX
fnd6_txtubsettle,Settlements with Tax Authorities,"{'id': 'fundamental6', 'name': 'Company Fundamental Data for Equity'}","{'id': 'fundamental', 'name': 'Fundamental'}","{'id': 'fundamental-fundamental-data', 'name': 'Fundamental Data'}",USA,1,TOP3000,MATRIX,0.6665,182,303,1.1,[],Fundamental_Other,"{'id': 'fundamental6', 'name': 'Company Fundamental Data for Equity'}",MATRIX
fnd6_txtubsoflimit,Lapse of Statute of Limitations,"{'id': 'fundamental6', 'name': 'Company Fundamental Data for Equity'}","{'id': 'fundamental', 'name': 'Fundamental'}","{'id': 'fundamental-fundamental-data', 'name': 'Fundamental Data'}",USA,1,TOP3000,MATRIX,0.6665,127,463,1.1,[],Fundamental_Other,"{'id': 'fundamental6', 'name': 'Company Fundamental Data for Equity'}",MATRIX
fnd6_txtubtxtr,Impact on Effective Tax Rate,"{'id': 'fundamental6', 'name': 'Company Fundamental Data for Equity'}","{'id': 'fundamental', 'name': 'Fundamental'}","{'id': 'fundamental-fundamental-data', 'name': 'Fundamental Data'}",USA,1,TOP3000,MATRIX,0.5706,69,271,1.1,[],Fundamental_Other,"{'id': 'fundamental6', 'name': 'Company Fundamental Data for Equity'}",MATRIX
fnd6_txw,Excise Taxes,"{'id': 'fundamental6', 'name': 'Company Fundamental Data for Equity'}","{'id': 'fundamental', 'name': 'Fundamental'}","{'id': 'fundamental-fundamental-data', 'name': 'Fundamental Data'}",USA,1,TOP3000,MATRIX,0.7538,230,611,1.1,[],Fundamental_Other,"{'id': 'fundamental6', 'name': 'Company Fundamental Data for Equity'}",MATRIX
fnd6_txws,Excise Taxes,"{'id': 'fundamental6', 'name': 'Company Fundamental Data for Equity'}","{'id': 'fundamental', 'name': 'Fundamental'}","{'id': 'fundamental-fundamental-data', 'name': 'Fundamental Data'}",USA,1,TOP3000,VECTOR,0.9609,68,95,1.1,[],Fundamental_Other,"{'id': 'fundamental6', 'name': 'Company Fundamental Data for Equity'}",VECTOR
fnd6_weburl,WEB URL code for the company,"{'id': 'fundamental6', 'name': 'Company Fundamental Data for Equity'}","{'id': 'fundamental', 'name': 'Fundamental'}","{'id': 'fundamental-fundamental-data', 'name': 'Fundamental Data'}",USA,1,TOP3000,MATRIX,0.995,478,1441,1.1,[],Fundamental_Other,"{'id': 'fundamental6', 'name': 'Company Fundamental Data for Equity'}",MATRIX
fnd6_xsgas,"Selling, General & Administrative","{'id': 'fundamental6', 'name': 'Company Fundamental Data for Equity'}","{'id': 'fundamental', 'name': 'Fundamental'}","{'id': 'fundamental-fundamental-data', 'name': 'Fundamental Data'}",USA,1,TOP3000,VECTOR,0.5256,28,35,1.1,[],Fundamental_Other,"{'id': 'fundamental6', 'name': 'Company Fundamental Data for Equity'}",VECTOR
fnd6_zipcode,ZIP code related to the company,"{'id': 'fundamental6', 'name': 'Company Fundamental Data for Equity'}","{'id': 'fundamental', 'name': 'Fundamental'}","{'id': 'fundamental-fundamental-data', 'name': 'Fundamental Data'}",USA,1,TOP3000,MATRIX,0.9926,595,1864,1.1,[],Fundamental_Other,"{'id': 'fundamental6', 'name': 'Company Fundamental Data for Equity'}",MATRIX
goodwill,Goodwill (net),"{'id': 'fundamental6', 'name': 'Company Fundamental Data for Equity'}","{'id': 'fundamental', 'name': 'Fundamental'}","{'id': 'fundamental-fundamental-data', 'name': 'Fundamental Data'}",USA,1,TOP3000,MATRIX,0.691,3205,11867,1.1,[],Fundamental_Other,"{'id': 'fundamental6', 'name': 'Company Fundamental Data for Equity'}",MATRIX
income,Net Income,"{'id': 'fundamental6', 'name': 'Company Fundamental Data for Equity'}","{'id': 'fundamental', 'name': 'Fundamental'}","{'id': 'fundamental-fundamental-data', 'name': 'Fundamental Data'}",USA,1,TOP3000,MATRIX,0.9441,2687,11517,1.1,[],Fundamental_Other,"{'id': 'fundamental6', 'name': 'Company Fundamental Data for Equity'}",MATRIX
income_beforeextra,Income Before Extraordinary Items,"{'id': 'fundamental6', 'name': 'Company Fundamental Data for Equity'}","{'id': 'fundamental', 'name': 'Fundamental'}","{'id': 'fundamental-fundamental-data', 'name': 'Fundamental Data'}",USA,1,TOP3000,MATRIX,0.9604,786,6338,1.1,[],Fundamental_Other,"{'id': 'fundamental6', 'name': 'Company Fundamental Data for Equity'}",MATRIX
income_tax,Income Taxes - Total,"{'id': 'fundamental6', 'name': 'Company Fundamental Data for Equity'}","{'id': 'fundamental', 'name': 'Fundamental'}","{'id': 'fundamental-fundamental-data', 'name': 'Fundamental Data'}",USA,1,TOP3000,MATRIX,0.9575,974,6811,1.1,[],Fundamental_Other,"{'id': 'fundamental6', 'name': 'Company Fundamental Data for Equity'}",MATRIX
inventory,Inventories - Total,"{'id': 'fundamental6', 'name': 'Company Fundamental Data for Equity'}","{'id': 'fundamental', 'name': 'Fundamental'}","{'id': 'fundamental-fundamental-data', 'name': 'Fundamental Data'}",USA,1,TOP3000,MATRIX,0.9246,1030,8123,1.1,[],Fundamental_Other,"{'id': 'fundamental6', 'name': 'Company Fundamental Data for Equity'}",MATRIX
pretax_income,Pretax Income,"{'id': 'fundamental6', 'name': 'Company Fundamental Data for Equity'}","{'id': 'fundamental', 'name': 'Fundamental'}","{'id': 'fundamental-fundamental-data', 'name': 'Fundamental Data'}",USA,1,TOP3000,MATRIX,0.9576,1060,6676,1.1,[],Fundamental_Other,"{'id': 'fundamental6', 'name': 'Company Fundamental Data for Equity'}",MATRIX
receivable,Receivables - Total,"{'id': 'fundamental6', 'name': 'Company Fundamental Data for Equity'}","{'id': 'fundamental', 'name': 'Fundamental'}","{'id': 'fundamental-fundamental-data', 'name': 'Fundamental Data'}",USA,1,TOP3000,MATRIX,0.9315,1224,7642,1.1,[],Fundamental_Other,"{'id': 'fundamental6', 'name': 'Company Fundamental Data for Equity'}",MATRIX
